video_id,title,published_at,view_count,like_count,comment_count,duration
X0QmjGzoW98,SHOCKING : Meesho‚Äôs Hidden Superpower has made it a GOLDMINE. It is val***‚Ä¶.?:  Business Case Study,2025-12-03T04:53:52Z,48511,2910,126,PT14M48S
UNPqb4ThKHg,TESLA vs Uber : Will UBER Be Dead by 2030? | Business Wars Case Study,2025-11-27T12:08:26Z,203724,5828,329,PT17M45S
lBCiFPh87ik,Packaging You Can't Ignore!,2025-11-27T06:50:02Z,345980,8398,48,PT37S
-XLYBiMJDI0,How can India go global?,2025-11-26T11:30:00Z,34283,636,8,PT52S
XczYinm2pQc,Smart Founders Don‚Äôt Ask‚Ä¶ They Observe,2025-11-25T12:45:11Z,34146,585,2,PT37S
9c3FuuqNOCM,Easiest Way to Make Your Brand Memorable !,2025-11-24T16:29:39Z,44617,655,1,PT27S
fP7jNb4hT8M,"Smart Founders Don‚Äôt Fear AI, They Partner It!",2025-11-23T15:04:55Z,26781,971,5,PT1M14S
028kXj_TvBE,Why do startups fail?,2025-11-23T04:30:01Z,35587,882,2,PT45S
MqDcYY-si7o,Packaging makes or breaks your product!,2025-11-22T13:30:32Z,65365,676,5,PT36S
Ev3NoTLFDQI,The TOP 3 Must-Have Professionals for Any Business,2025-11-22T07:30:08Z,29866,646,1,PT37S
wEphdmtJt4s,Nike and Apple's brilliant marketing,2025-11-21T16:08:49Z,41619,1004,6,PT41S
H088ypbYuDw,100x Your Brand in 60 Minutes with These PROVEN Tactics,2025-11-21T13:42:00Z,164289,3083,150,PT1H20M26S
wO1eJMRMvyE,From ‚Çπ0 to ‚Çπ1500 CR: The Mensa Playbook!,2025-11-21T13:31:11Z,51748,1514,27,PT2M13S
DRfsQCOLAJI,Ranveer‚Äôs secret skill!,2025-11-17T15:04:18Z,55034,671,3,PT39S
WU1441n9Ev0,Insight-driven brands always win in India!,2025-11-16T06:30:14Z,68313,1140,10,PT1M5S
qDfHroMVvAM,Built on Kishore Biyani‚Äôs legacy.,2025-11-15T15:49:58Z,123016,2269,14,PT42S
u_Vz_cmltJE,How Super you Got Ranveer Singh!,2025-11-12T07:30:30Z,2279550,46557,148,PT45S
jBEOdMKAkEU,BYD vs Tesla: How CHINA Beat ELON MUSK at His Own Game| Business Case Study,2025-11-11T13:02:48Z,669210,17124,752,PT22M33S
CaoAr02C3pI,"Repeat value, not volume!",2025-11-10T05:45:19Z,33604,931,7,PT1M7S
U1uF-c0zmr8,The REAL Reason Familiar Taste Beats Fancy Flavors Always,2025-11-09T06:59:23Z,490491,10904,36,PT1M12S
7G0vQ9eASUg,"Pricing isn‚Äôt maths,it‚Äôs psychology.",2025-11-08T13:30:05Z,37125,707,8,PT51S
fCMD7PFB5bk,Every Failed Brand Ignored This One Rule,2025-11-08T11:13:33Z,52000,967,23,PT1M
16p88Rrrckc,Health isn‚Äôt punishment. It‚Äôs portion control.,2025-11-08T08:00:02Z,32380,714,12,PT1M7S
rE5yGaXVH84,One recipe can‚Äôt win all of India!,2025-11-07T09:38:27Z,61892,1146,10,PT1M12S
G8UK7WcdF1Y,Super You's EPIC ‚Çπ100 Crore Blueprint: INSANE Marketing SECRETS Nobody Talks About! IBP 46,2025-11-04T15:15:37Z,146574,2459,123,PT1H37M52S
sVlJveU54Bs,How Super You became a ‚Çπ100 Cr story?,2025-11-04T15:15:14Z,69954,2079,33,PT1M50S
xY2Jq6pYlgM,Elon Musk's real competition revealed!,2025-11-01T14:00:18Z,120042,2588,18,PT33S
Ib1E-rneIEk,India‚Äôs next revolution runs on sunlight.,2025-10-30T04:30:10Z,51953,1476,15,PT1M24S
MOy2QiG4yMg,India's DEEP Power Crisis Explained,2025-10-29T16:00:41Z,186367,4020,56,PT1M21S
Ho7yc-gDcd0,Ambani & Adani's AI Data Centres Spark India's Growing WATER SCARCITY,2025-10-29T15:25:28Z,455375,15564,1220,PT15M45S
WbA0k9ZiLE0,India mines coal and buys it too?!,2025-10-28T19:30:06Z,52813,1265,18,PT1M2S
wP6nHR7cI58,Apple is Failing ? : The TRUTH Apple Doesn‚Äôt Want You to Know | Business Case study,2025-10-27T15:13:41Z,464874,13541,599,PT16M48S
P9hlfABpmRg,Renewable Energy in India Grows FAST!,2025-10-27T15:00:53Z,97439,1972,20,PT59S
5SOFexgkXnM,Smart meters transform India‚Äôs energy system,2025-10-26T15:30:04Z,74834,1260,21,PT49S
ZHp_J7u5JZ4,From power plant to your plug ‚ö°,2025-10-26T13:30:38Z,35206,640,12,PT43S
np1aW6FPR_Q,Start-ups vs IPL & Bollywood,2025-10-23T12:31:06Z,58312,836,7,PT38S
C_Wk44s2TWY,India‚Äôs Dirty Secret: How is the Power Crisis Paralysing India? How to fix it?,2025-10-22T15:55:01Z,268352,4658,353,PT1H42M7S
QSm9xVdn9AY,What if India‚Äôs ‚Çπ8 Lakh Crore power problem is next biggest business opportunity?,2025-10-22T08:30:12Z,139246,3897,72,PT2M14S
uIDX0K1PYow,Every FMCG Start up should know this!,2025-10-21T10:01:27Z,48489,1057,9,PT46S
6qprafmrYJA,Which flavour screams India: Kacha Aam or Jeera?,2025-10-19T14:00:11Z,232470,4036,16,PT1M1S
hTaHvHshjz4,"Freebies don‚Äôt sell, retailers do",2025-10-19T13:01:19Z,53137,1048,9,PT45S
0KsJuYGqSrM,Did Mukesh Ambani disrupt the beverage space of India?,2025-10-19T11:19:30Z,401376,7711,105,PT58S
Etj-5IdrdKs,Colgate vs Pepsodent Which Toothpaste Reigns SUPREME?,2025-10-18T14:45:01Z,1253520,18736,293,PT44S
d6rcfZ852M0,Every founder needs to hear this!,2025-10-18T12:30:58Z,34216,841,1,PT52S
dBFtJUYk-w8,TATA MOTORS DEMERGER :Genius or Blunder? | Business Case study,2025-10-17T14:45:07Z,596383,19137,392,PT20M42S
KoOPGz97wo8,Focus sells. Variety kills growth.,2025-10-16T14:30:31Z,46314,928,17,PT45S
W66twle3NmM,Brand Building 101! üíØ,2025-10-16T04:30:19Z,72254,1339,15,PT47S
t_l1seEqHto,"Raise funds smart, not just fast.",2025-10-14T15:30:28Z,71602,1045,4,PT41S
mZTjis-RFh0,How a ‚Çπ10 desi drink built a ‚Çπ525 crore empire!,2025-10-12T14:41:54Z,106798,1662,27,PT44S
RTzaXdn60qE,The billion-dollar market sitting right under our nose!,2025-10-11T07:30:13Z,177003,2911,12,PT49S
spxcXneotco,Thumbs Up‚Äôs 5000cr secret,2025-10-10T14:30:52Z,85124,1116,11,PT46S
6IFLWZ3KtoA,Can Lahori Jeera‚Äôs strategy Beat Ambani‚Äôs Campa Cola? ‚Çπ10 War Explained : IBP Case Study,2025-10-09T13:12:20Z,266033,3949,281,PT1H28M45S
kDGCTQsIj2E,"MSP isn't the problem, India's use of it is",2025-10-08T13:01:26Z,138074,2870,58,PT1M43S
NM_Icq_Vpyc,How ‚Çπ10 drink made ‚Çπ525 cr Empire! #cocacola #scam #startup #investing,2025-10-08T10:45:01Z,139294,3282,28,PT1M30S
mLf3KYTkGuA,How America Funds Wars to make Money? America's dirty strategy Exposed | Geopolitical case study,2025-10-04T13:30:46Z,554606,18704,623,PT20M9S
tlj7hMWj0vI,India‚Äôs black economy isn‚Äôt accidental!,2025-10-04T13:15:33Z,273149,6181,89,PT1M7S
Yu1sP2TOjDA,Why is India Weak ‚ù§Ô∏è‚Äçü©π,2025-10-03T10:43:15Z,78270,1729,14,PT47S
5zRFMIAHeLs,Is India's DEMONETIZATION WAR on Black Money Working?,2025-10-02T10:25:02Z,670706,12945,123,PT1M23S
zt5uqErQysk,The $4 Trillion GDP Is a Lie? | Why Our $4 Trillion GDP is Actually Only $2.5 Trillion | IBP,2025-10-01T12:31:17Z,456014,11438,1514,PT1H28M4S
du7Auc_qprE,Is BJP doing a good job?,2025-10-01T09:02:07Z,160069,5564,130,PT1M49S
5KJgsEW-yjg,I Visited an Ultrarich Hospital and Here's What I Learned,2025-09-28T12:30:07Z,75078,1175,3,PT37S
K7FwtWVa8ds,3 Crore a bed vs 70 Lakh a bed!,2025-09-28T04:30:13Z,270993,6430,56,PT1M30S
tz2ujCvDRRg,No More Waiting for hours in hospital!,2025-09-27T15:08:06Z,53116,1282,12,PT1M15S
br2Tbn11DjY,Magic Hospital ‚ù§Ô∏è,2025-09-26T15:15:36Z,149776,2985,30,PT1M16S
XaG2QNfiPnk,God Complex: Elon Musk vs Sam Altman and the AI Battle,2025-09-25T04:49:53Z,466037,17568,635,PT19M3S
a2qOULjntWU,Apple like Hospital..,2025-09-19T15:36:04Z,202943,3995,13,PT57S
HPRyb6rCuEM,Health plan cheaper than your jeans?,2025-09-19T07:27:53Z,2315153,51238,428,PT59S
Lhc_NfG54PA,India's Health Crisis : How to Fix India's BROKEN healthcare system? | Ex Apollo Reveals Secrets,2025-09-18T15:43:40Z,357700,9372,754,PT1H54M54S
Jgi9zztt758,Shocking reality of Indian Healthcare,2025-09-15T08:30:08Z,51653,1716,28,PT1M49S
VfV1zNJJ2Vg,Best Dictator In History?,2025-09-15T04:10:29Z,30454,936,11,PT46S
4WYJHSeBGOs,Is Navi Mumbai the future of urban living?,2025-09-14T06:30:03Z,128085,3323,27,PT1M2S
jgK_AolUecY,Real estate Strategy for Dream home,2025-09-13T14:27:51Z,105381,2555,10,PT57S
ieyzFXJk4e8,Dictator vs Democracy: The rise of Xi Jinping and China? Explained,2025-09-13T08:30:24Z,632423,17832,1375,PT23M25S
beTuvUzI9f4,Don‚Äôt Invest in Mumbai Before This!,2025-09-11T13:42:36Z,97180,1935,13,PT45S
5eGfaoxxzk0,Mumbai Real Estate‚Äôs Real Mantra,2025-09-10T14:41:32Z,359761,6501,42,PT56S
jHzYIFM08vQ,Carpet Area vs Super Built-Up Area,2025-09-10T07:03:45Z,847917,14249,75,PT51S
1G7ZTXTVDa0,Top 5 Indian Cities to Invest in 2025,2025-09-08T13:30:05Z,2656275,56417,739,PT1M
3ffs2n76Y3I,India‚Äôs Most Expensive Address,2025-09-08T12:30:10Z,707265,14254,240,PT40S
0ieqe41jOEA,The Real TRUTH About E20 Petrol | Full POLICY EXPLAINED,2025-09-07T10:30:02Z,849944,29259,3731,PT17M50S
zGyhqhH1rpQ,Why Skyscrapers Signal Recession?,2025-09-06T12:31:20Z,1541429,31849,268,PT44S
_nBsQAU7ISM,Mumbai‚Äôs Next Real Estate Jackpot,2025-09-05T14:24:17Z,747953,14389,64,PT30S
IiLmHwfx6e4,UltraRich Broker Spills secrets on Mumbai Real Estate? | ft. @rk.ravikewalramani Business Podcast,2025-09-05T12:30:33Z,262619,3797,367,PT1H45M46S
ZqIk_TSrsNs,Mumbai Property Pricier Than Manhattan!? Releasing Soon...,2025-09-03T07:30:18Z,112270,3149,31,PT1M34S
tQRjVK8NOiY,Why Work Experience Matters Before MBA,2025-09-01T08:08:05Z,44009,1181,5,PT1M2S
IDFPJSZq8UM,Modi In China : Is India About to Make a HUGE Mistake in China Relations?,2025-08-31T08:30:07Z,858565,28051,2029,PT21M28S
4LcPBesjn74,How To Sell Your Startup Idea,2025-08-30T14:30:07Z,78975,1931,5,PT32S
v38RovZQNdc,Building To Sell? Here‚Äôs The Problem,2025-08-30T12:31:24Z,52751,1059,5,PT41S
SDhODTG2FZs,Brands For India 2 & India 3,2025-08-30T11:04:09Z,285271,8839,60,PT59S
3I5nmNZDMQU,The Untapped EdTech Market In India,2025-08-29T10:30:02Z,115076,2642,25,PT52S
7HpJXuGfYIU,Simplest Way To Validate An Idea,2025-08-29T09:26:43Z,114965,2715,11,PT52S
yHbMi0UDgKc,Selling a Startup: Myth vs Reality,2025-08-28T12:31:25Z,241535,6744,23,PT1M10S
kuPYMFHJ8Lw,AI Startups Are Today‚Äôs Gold Rush,2025-08-28T10:30:24Z,124234,3142,9,PT47S
KW3TzlGE98I,China‚Äôs Lithium Monopoly,2025-08-28T08:50:47Z,524355,13385,118,PT1M9S
LM1ToX-82f8,Indigo vs Emirates: Can Indigo Survive the Oil Titans and go International? : Business case study,2025-08-27T15:01:38Z,833273,19302,967,PT26M48S
LwYpnIy1qBM,Cinema dies without diverse stories,2025-08-25T14:30:12Z,111427,2341,49,PT53S
WhEB8SI51QU,Audience emotions reveal the real problem,2025-08-25T11:00:58Z,321860,4740,21,PT33S
Tt-cSywn1f0,Why Scaler redefines business education,2025-08-22T11:37:00Z,59959,1417,10,PT1M36S
70Bg6fkr9gI,CEO Blueprint : Anupam Mittal's Masterclass on How to Find Gap in the Market?,2025-08-21T15:15:01Z,331658,6658,287,PT1H45M18S
QQ9XhGuBIZ8,What Investors Really Look For? @SonyLIV‚Äã,2025-08-21T14:33:46Z,85929,3000,23,PT1M37S
ENmpCtevpu4,Aamir Khan on his biggest insecurity,2025-08-21T12:30:28Z,91596,1112,18,PT39S
7lDpY-WK0tk,Story behind casting of Ishaan,2025-08-21T06:46:25Z,105918,2209,7,PT46S
5llASgoUMEo,Why Aamir trusts test screenings?,2025-08-20T14:30:07Z,245085,5045,32,PT50S
bVmqGQwP918,Edit that changed Taare Zameen Par,2025-08-20T13:30:36Z,1580629,44562,90,PT1M14S
ycI5zFvw90w,Cinema was for everyone‚Ä¶not anymore,2025-08-20T07:18:59Z,218552,4828,61,PT48S
nu-xByQyuLE,"Chase excellence, success will follow",2025-08-20T07:14:06Z,110459,3788,17,PT51S
1tRTWwZ5DIc,The INSANE Rise of NVIDIA: From Bankruptcy to $4 Trillion? | Business case study @NVIDIA,2025-08-17T06:30:07Z,988825,33522,752,PT26M57S
mFxgSkOER3Q,Rise of NVIDIA #thinkschool #nvidia,2025-08-17T05:00:29Z,31875,759,17,PT34S
8FDs-jQYAmM,Lessons from Tomorrowland for India!,2025-08-14T13:24:52Z,201587,8914,119,PT1M58S
cgrRcoUDRmM,Payments App That Stops Your Money Leaks,2025-08-13T14:25:27Z,107980,5923,53,PT1M24S
w3us7h5g7uU,Only 2% of Indians have access to Movies,2025-08-12T11:30:54Z,844188,17805,165,PT55S
jHI4SpRB4vI,Secret Behind Every Blockbuster Movie,2025-08-12T09:57:34Z,76537,1574,19,PT46S
YYJZ6FDO5W4,3 Critical Factors That Will SHAPE Indian Cinema's Success,2025-08-11T14:30:23Z,254629,5798,478,PT1H46M45S
_WCM7Pz1jy4,Addressing the hate I got on the Israel podcast,2025-08-08T14:10:57Z,163759,10739,1877,PT10M6S
elT3DbT0w-M,Israel attacked aid centres in Gaza?,2025-08-08T09:00:54Z,36841,695,48,PT45S
6FzfkIGuscc,"Why Israel Attacks Syria, Fears Iran‚Äôs Bomb & Faces Global Pressure : Israeli Ambassador Explains",2025-08-06T13:00:11Z,113940,4416,924,PT1H3M20S
MPb-kn4C1EU,IBP with Israel‚Äôs Top Diplomat,2025-08-06T02:30:18Z,40780,1441,108,PT1M26S
DWTnlMBsV8I,New Episode Coming Soon...,2025-08-05T10:52:49Z,39583,533,25,PT18S
1jUjEVbHV38,Chicago Land Bubble Explained,2025-08-04T08:21:56Z,231428,3639,30,PT51S
smU64rAUFMo,Big name dropping soon..,2025-08-03T08:23:52Z,71332,904,59,PT19S
aCzWyOeS_kU,Learn to Ask Better Questions To AI,2025-08-01T14:30:00Z,40440,920,4,PT22S
nxV5xkVuX8g,Engineers Must Think Like Founders,2025-08-01T12:30:58Z,34034,874,5,PT59S
tf4hO6oeI-E,How OpenAI Hires Top Talent?,2025-08-01T07:51:06Z,39500,773,2,PT32S
cVNAAiv0C4o,AI Creates But TASTE Decides Everything,2025-08-01T07:45:25Z,40776,838,13,PT43S
P74BcjfET7Y,What Sets Sam Altman Apart,2025-07-31T14:57:32Z,28367,443,0,PT22S
ockrdZal5fA,@OpenAI VP on How AI Will Redefine Work ft. Srinivas Narayanan | IBP EP37,2025-07-31T14:30:39Z,280490,4534,226,PT1H1M9S
q17CevDx82E,Persuasion Isn‚Äôt Manipulation,2025-07-31T09:10:34Z,23380,542,3,PT36S
egDxxZa6LPo,Sales Is The Foundation of Success,2025-07-31T09:04:34Z,57163,1744,5,PT39S
P5BRLfA3fGs,"China is in 300% DEBT, is it a CRITICAL LESSON for India? ECONOMIC CASE STUDY",2025-07-30T14:30:07Z,768396,21754,1134,PT16M49S
3JcmOnZ4f3Y,Man behind @OpenAI ft. Srinivas Narayanan,2025-07-30T14:30:04Z,33740,1123,17,PT1M24S
inrS8kS_WuQ,Placement Is The Real MBA Product,2025-07-30T12:30:52Z,104086,2088,17,PT29S
YeuGK3sl1vY,"Feedback is a Gift, Not Attack",2025-07-30T11:30:34Z,24867,620,3,PT44S
L_3wOmRiYis,DLF Camellias: Best Real Estate Project?,2025-07-30T10:30:22Z,434762,7352,56,PT38S
-Lm0Nhp1IWM,"Jobs Come First, Real Estate Follows",2025-07-30T09:30:01Z,181777,3178,17,PT27S
EXaungV5q3U,Gurgaon's Real Estate Bubble,2025-07-30T08:36:58Z,423492,7433,59,PT52S
QMP7KPKjgh4,"Tools Amplify You, Not Change You",2025-07-30T06:47:24Z,22728,683,10,PT44S
hvap97NGRY4,Why Founders Make the Best Hires,2025-07-30T06:42:10Z,42821,960,15,PT44S
IG2Ot6gyEGM,Why Indians Struggle at Sales,2025-07-29T08:24:04Z,86892,2157,26,PT33S
5ijaf7i5TIY,Can AI Agents replace HR?,2025-07-28T12:47:15Z,62241,1063,18,PT34S
LrH36jzRFyE,Join us at Odoo Community Days,2025-07-28T06:22:52Z,22930,683,10,PT1M5S
gLeMTK3PeC8,10X Your BUSINESS and Build POWERFUL Career: Kunal Shah‚Äôs UNFILTERED Business MASTERCLASS | IBP EP36,2025-07-26T12:40:02Z,338348,7272,365,PT1H32M15S
IyeBwEn47PQ,Why Homebuyers Don‚Äôt Trust Builders,2025-07-26T06:55:16Z,188349,2970,12,PT47S
50jMz-c-vE8,One Project Changes City Prices,2025-07-23T14:38:16Z,665044,17685,108,PT51S
WigW83_aoAI,Why Airport Areas See Land Hype,2025-07-21T14:23:19Z,203558,4208,19,PT1M24S
lAIh3MgD7Ac,Why Gurgaon‚Äôs Real Estate Boomed?,2025-07-21T12:48:18Z,75608,1489,13,PT1M15S
i_Y-yBW7kCU,Dark Truth of Gurgaon Real Estate Ft. Vishal Bhargava | IBP EP35,2025-07-21T12:30:50Z,500304,7150,1113,PT2H1M37S
yDed2v571pw,Gurgaon Property Boom or Bust? Releasing soon!,2025-07-19T09:03:17Z,165698,4456,62,PT1M52S
qtRH3EteJ_o,Why You‚Äôre Still Earning ‚Çπ4 LPA,2025-07-18T07:43:14Z,97536,1977,31,PT28S
KiIvF4JM694,Proactive candidates always stand out,2025-07-17T15:27:17Z,32526,748,3,PT46S
hMoK4u1mXZA,ESOPs vs Salary,2025-07-17T05:44:24Z,87846,1920,5,PT49S
16o4KgNVBeI,IIM vs Scaler,2025-07-15T16:09:52Z,36728,637,21,PT51S
WJIw5pEFKBw,What makes your Resume special?,2025-07-15T08:53:26Z,44459,1040,4,PT40S
0Z_IL6IQvJk,One Big Myth About Startups,2025-07-14T13:57:33Z,48780,1757,5,PT1M1S
rb_tQdRwYnw,Trump's Explosive Warning: Is BRICS on the Edge of Collapse? Geopolitical Case Study,2025-07-13T10:40:01Z,520322,15530,621,PT11M50S
h-Q0777sxpk,IIM is Overrated?,2025-07-11T14:50:03Z,106452,2292,15,PT1M9S
cw06YhrrofU,Secret of High income earners,2025-07-11T14:12:32Z,72656,1453,6,PT37S
Jtlhil-ZrSw,Inside Facebook‚Äôs Ruthless Meritocracy,2025-07-11T13:50:05Z,534255,9142,43,PT1M2S
-_rzYoEZdc0,50 Lakhs income secret.. coming soon,2025-07-11T13:25:34Z,32511,773,10,PT1M32S
aRPdjYpTtxc,AI Is Replacing These Jobs,2025-07-11T13:06:59Z,59402,1173,10,PT59S
xwFgddaaBXs,Ex-Facebook & Uber Heads Reveal 9 SIMPLE HABITS to EARN ‚Çπ50 Lakh/Year | IBP EP34,2025-07-11T12:45:07Z,305846,6074,197,PT1H56M18S
HP5Ksajn4lc,America Shocked üö®: Elon Musk Annouces a new Political Party | Whats next? | Political Case study,2025-07-04T06:43:00Z,751578,21164,1164,PT23M54S
7ek1P610tm4,"How this UGLY Doll ""Labubu"" Prints $1.6 Billion: HYPE Marketing Explained | Business Case Study",2025-07-02T15:00:07Z,841985,19164,739,PT20M21S
B8X3loWQqyU,MrBeast's Viral Thumbnail Secret!,2025-06-30T06:15:17Z,33981,1095,3,PT1M10S
O0Qhnls-C6k,NASA's Innovation First Rule,2025-06-30T06:13:56Z,62433,2321,7,PT1M3S
1--iZlvRw9Q,Product vs Sponsorship,2025-06-27T09:09:59Z,45109,1432,4,PT1M13S
AFhH7rG1yb0,Instagram vs YouTube,2025-06-27T08:44:47Z,47204,1162,2,PT48S
KUM6J25ySlE,How Does Mark Rober Create Viral Hits?,2025-06-27T08:15:02Z,38370,1404,6,PT1M25S
QPCC918A2a4,The secret to viral thumbnails,2025-06-26T13:19:07Z,27675,662,3,PT49S
jGgb3i8sui4,How Mark Rober makes viral videos?,2025-06-26T13:16:17Z,31398,727,7,PT56S
7HAF4KdnfC8,Apple‚Äôs Secret Culture of Simplicity,2025-06-26T06:46:51Z,96031,3904,14,PT1M11S
bLPcagynjII,Will AI Secretly Take Over Humanity?,2025-06-26T06:44:14Z,34460,966,8,PT57S
trKuZAGlvoY,‚Çπ50 Lakh Jugaad Challenge for India!,2025-06-25T15:37:08Z,42230,783,10,PT36S
jgCIrZxXdbQ,3 Lessons India Can Learn From NASA,2025-06-25T15:28:56Z,47721,1288,9,PT58S
FCWwRwdbbJg,@MarkRober  Leadership Formula,2025-06-25T15:00:30Z,28848,1046,3,PT56S
YZOaZM4Cf1M,"@MarkRober  Loves ""Jugaad""",2025-06-25T14:56:28Z,52586,2100,19,PT1M2S
rlcZyFsGFkk,AI Will Reshape Global Power Forever,2025-06-25T14:52:46Z,22920,1107,4,PT1M23S
5d3AB7oYQy4,Creators Fail Without THIS One Role!,2025-06-25T14:45:46Z,26579,1652,2,PT1M14S
lArBQUlVn9w,@loganpaulvlogs  Prime Marketing Strategy,2025-06-25T14:40:09Z,29891,597,9,PT53S
M173e445SxY,"@MarkRober on NASA, Apple & How to Go Viral on YouTube? | IBP EP33",2025-06-25T14:30:14Z,124493,3394,166,PT2H6M23S
a2bReBOl91U,@MarkRober  NASA Engineer to YouTuber,2025-06-25T10:40:07Z,39014,1857,15,PT1M33S
cfpIxv8vqr0,Why Russia and China wont let IRAN Fall? | Geopolitical Case Study,2025-06-24T05:33:10Z,805307,24308,970,PT15M58S
6DX8jLJNwM0,Amazon vs Nykaa Inventory Models,2025-06-21T06:48:29Z,410178,6383,33,PT43S
7HXNTrfJ16c,Dark Side of Skincare Industry,2025-06-21T06:48:21Z,49720,1431,6,PT1M6S
Nb2Ax0Q913A,How brands choose Creators,2025-06-21T06:48:01Z,22207,515,0,PT46S
aeVrdWg19hA,Creativity vs Discipline,2025-06-21T06:47:52Z,35770,1023,3,PT43S
hP0Jzcmulg4,Growth of Face Serum Market,2025-06-20T13:46:05Z,27471,623,1,PT44S
V5pd_Vr_z8A,How to deal with Hairfall?,2025-06-20T13:46:00Z,14322,365,2,PT50S
zGIwnkU01X4,FREE MBA : How Minimalist Conquered India's D2C Beauty Market? - IBP EP32,2025-06-20T13:45:08Z,118803,2557,103,PT2H13M43S
nAEHny6_d8w,2955 Cr Skincare Business #minimalist,2025-06-19T12:01:56Z,35391,1235,16,PT1M34S
J7eRGL5uvaE,DONALD TRUMP'S ‚ÄúBig Beautiful Bill‚Äù Just Changed Everything for ELON MUSK!!,2025-06-12T15:20:00Z,513542,13048,372,PT16M51S
Ctv0q_LAld4,Pantaloons vs Manyavar,2025-06-12T06:14:48Z,40978,609,2,PT30S
ZtXh621S4DA,How SuperYou was positioned?,2025-06-12T05:57:05Z,33338,546,3,PT36S
qC_5Szufc-M,"Harvard, Stanford...where's India?",2025-06-12T05:38:00Z,46405,1071,18,PT1M
M0DEvalGo-Q,Build a life not just a resume,2025-06-12T05:15:04Z,52547,2237,3,PT52S
PZX82POfJ1g,MBA won't teach you this!,2025-06-11T12:50:10Z,32177,892,9,PT55S
NW0pOuRljNI,Listerine's brilliant marketing strategy,2025-06-11T08:51:41Z,68109,1225,4,PT44S
0dYmToMydPU,3 must-read books for success,2025-06-11T07:08:27Z,124995,3522,7,PT20S
lUyn_nyhRCQ,Premiumising daily goods in India,2025-06-11T06:35:49Z,56011,1220,3,PT47S
mP1M8laJF-c,Old India vs New India,2025-06-11T06:27:23Z,27797,473,0,PT45S
5pRSjutHBgc,What made Big Bazaar successful?,2025-06-11T06:00:48Z,18742,292,3,PT42S
MZQvvg_x3gg,AMERICA can create UNLIMITED Money? The Real Power of the US DOLLAR | Economic Case Study,2025-06-10T13:30:07Z,365767,11626,517,PT15M32S
RsXjTf8UVEc,Business lessons from family,2025-06-09T09:59:35Z,208223,4397,25,PT56S
fVuA_01Fi9E,Why universities aren't becoming best?,2025-06-09T07:52:08Z,82054,2442,78,PT1M20S
tC5qFAkST_4,Scale for a college?,2025-06-09T07:41:37Z,30023,787,5,PT1M18S
eWP2_oOY_sE,China's was making future India,2025-06-09T07:36:29Z,34108,999,14,PT1M9S
uhXIAxDMous,Truth About College Donations,2025-06-07T14:23:20Z,77007,1586,23,PT1M
DVjbCEZJfTI,Parents' Dreams vs. Our Own,2025-06-07T14:21:20Z,44617,1164,4,PT1M18S
QSuQ8ApOFSE,How Founders Spot Compounders,2025-06-07T14:17:58Z,42843,1033,1,PT1M
wrjk1NIuRS0,The Education Business in India,2025-06-07T14:06:21Z,682671,12386,68,PT1M11S
Ymcq18ZNNWA,College Built With Zero Capex,2025-06-07T12:43:05Z,50745,1189,15,PT1M9S
OGYZfAibQgk,"Feedback transforms, growth follows naturally.",2025-06-07T12:24:35Z,28857,1017,5,PT1M11S
oyCX308gFvk,Tanmay Bhat's Course is Free,2025-06-07T12:03:01Z,162492,3358,32,PT41S
qnEXkNUaAcI,"Harsh Truth About Degrees, Placements & Indian Students : Pratham Mittal | IBP EP30",2025-06-07T11:45:11Z,196714,4432,372,PT2H50M17S
uABNWprCXMY,Is the Company Investing in You?,2025-06-07T11:45:11Z,43465,1747,2,PT1M36S
LyjZkxqjN5A,Full Podcast tomorrow evening,2025-06-06T11:30:14Z,44692,1549,25,PT1M21S
2RrfkYQikpE,From Shortages to Abundance: India‚Äôs Growth Story,2025-06-05T15:41:57Z,41891,787,3,PT45S
1kGbfVe_5Lw,Branding starts with observation,2025-06-05T15:30:34Z,38508,695,4,PT31S
a8LHeAEi24s,What GenZ Is Solving Now?,2025-06-05T15:15:43Z,197433,4169,38,PT42S
ebHhxxhA35Y,King Kohli for a reason,2025-06-03T18:05:57Z,27208,740,9,PT31S
beplQn3VuZQ,How to find a Brand Personality?,2025-06-03T11:59:17Z,45370,824,9,PT51S
Fb1aftiwCQE,D-Mart vs BigBaazar,2025-06-03T11:20:00Z,86076,1357,5,PT45S
q7A2jTYmxsY,Franchise Mistakes To Avoid,2025-06-03T11:10:47Z,64271,1275,9,PT1M2S
G-HYKKGTTxA,What worked for Big Bazaar?,2025-06-03T11:08:56Z,19637,308,3,PT35S
BAr03deZtAE,Why Pantaloons Skipped The Franchise,2025-06-03T11:08:41Z,121592,1387,2,PT30S
7_h3uii1k78,Quick Commerce are real optimisers,2025-06-03T09:53:58Z,54245,1165,5,PT46S
sPL8SyRWU_0,How Levi‚Äôs Became cult,2025-06-02T14:55:41Z,164275,2957,6,PT52S
XIwqvtVADAA,China‚Äôs Value Addition Rise,2025-06-02T14:51:58Z,61981,1230,4,PT56S
hkVY4_jnPi0,India Needs More Value Addition,2025-06-02T14:48:13Z,184120,4145,83,PT1M2S
xqSmbDTS-sY,FREE MBA on Indian Retail: Big Bazaar‚Äôs Shocking Fall Explained by Its Founder | IBP EP31,2025-06-02T14:32:29Z,287480,4782,414,PT2H3M37S
6LpLl5H63N0,India's Retail King's Success Formula,2025-06-01T11:19:42Z,160711,5877,38,PT1M48S
4zoAC3MSmg8,Income Levels? Look at Cars.,2025-06-01T04:30:10Z,178101,2292,26,PT35S
eWiBLgxOcW0,Is India‚Äôs $4 Trillion GDP Actually a Trap? | Economic Case Study,2025-05-30T15:36:33Z,1491723,60037,7062,PT28M7S
nLA6LKcf_sk,School Zones Shape Real Estate,2025-05-30T12:45:50Z,49120,947,5,PT55S
4Khb5VvAyPc,Choosing the right home loan?,2025-05-30T12:40:43Z,82648,1410,8,PT44S
rc-1sOxZwzY,Is Gurgaon Really Overvalued Today?,2025-05-29T13:15:09Z,366983,4984,84,PT44S
H6o0xLpYBqo,"Low Price, Low Property Appeal",2025-05-29T11:30:21Z,110635,1852,16,PT53S
JRWqsdqXx7c,What Makes Hyderabad Special?,2025-05-29T11:17:10Z,63277,1460,16,PT1M14S
j2CKNzVyvBE,The slum problem in Mumbai,2025-05-29T11:01:15Z,108702,1410,25,PT40S
ycGsB6Mzz6M,Safest City in India?,2025-05-28T12:01:50Z,64680,1946,57,PT1M15S
qVwP6JExZuA,How to Negotiate like a Pro,2025-05-28T11:45:05Z,129401,2240,12,PT1M5S
Hp7FupUm9Pc,Before you buy a house,2025-05-28T11:15:02Z,109868,1417,9,PT22S
aStMWu3t6CQ,What is Absorption Rate?,2025-05-28T08:12:29Z,66240,1397,3,PT55S
65bWdY_7620,Red Flags in a Builder,2025-05-28T07:41:03Z,103632,1967,6,PT1M21S
jNHAJaWGW9Q,Commercial vs Residential Investment,2025-05-27T14:35:39Z,469653,5787,119,PT48S
3U3WfbnTcC8,Best Indian City to Invest?,2025-05-27T14:31:58Z,443697,5179,75,PT35S
AYae4jtwTgs,Meal Costs Predict Area Rates,2025-05-27T14:23:41Z,346906,3666,47,PT30S
ROdN3a9rN0g,Hyderabad's Real Estate Price Map,2025-05-27T14:17:15Z,101271,841,2,PT24S
sr5MPo4brmQ,Gold vs Stocks vs Real Estate?,2025-05-27T13:01:30Z,192921,2779,29,PT48S
GbGzeQLY1H4,F&B Maps India‚Äôs Rich Pockets,2025-05-27T13:00:33Z,38451,641,0,PT41S
GCBdqIterjc,Future Cities of India Explained,2025-05-27T13:00:23Z,119855,2619,45,PT1M23S
XQNFPG3emxA,What is RERA?,2025-05-27T12:45:09Z,74117,1251,5,PT39S
JG2N2sdhSGQ,How to Invest in Indian Real estate? Complete guide in 90 mins I IBP EP29,2025-05-27T12:30:19Z,467402,7062,586,PT1H47M
2R1dgt6UXpk,Real Estate Hotspots in India,2025-05-27T12:30:02Z,97282,1679,24,PT41S
Z8Ijd45r8Hk,The UNTOLD STORY about America's $36 Trillion Debt | ECONOMIC Case Study,2025-05-26T15:15:07Z,1208541,29816,4257,PT18M17S
I_i_cA6QhcI,Students in India vs USA,2025-05-26T13:18:37Z,265581,7049,77,PT47S
oqD1np8kqsU,Ease of business in India,2025-05-26T13:16:28Z,965272,21779,401,PT1M3S
RuGj-EL2J3U,Engineers Need to Learn More,2025-05-26T13:13:33Z,55830,1653,31,PT59S
afTl4i7B_74,Hidden Truths of Indian Real Estate,2025-05-26T12:01:01Z,85287,3523,36,PT2M2S
0YrInRvAhQQ,Why Turkey Loves Pakistan Over India ?| UPSC Geopolitical case study,2025-05-21T13:00:17Z,375193,13486,1007,PT17M36S
eq5JDN5hglY,Can Starlink DISRUPT India's telecom sector? : Starlink case study,2025-05-14T15:45:10Z,523296,12336,735,PT18M53S
zkr-CVrMn9g,Indian Army Training!,2025-05-08T13:52:32Z,180762,3690,37,PT58S
W9LZoIbA1cU,Indian Army Never Forgets!,2025-05-08T10:27:00Z,116856,3701,24,PT1M6S
g8Y78Ct-8_M,How Amitabh Bachchan fell in love with Naturals? Business Case Study,2025-04-23T14:30:08Z,885680,17819,417,PT21M13S
FB5CAmE87fo,Kapil Dev Was Built Different üèèüî•,2025-04-19T12:11:48Z,103903,2220,16,PT43S
uhf1NYxW198,1983: The win no one saw coming!,2025-04-19T11:53:04Z,58738,1012,4,PT46S
OAcVAGl80dE,Is Trump playing India?,2025-04-18T10:00:02Z,191971,3988,50,PT37S
TnEyFSToGbg,"Is Digital India a Failure? Are there Gaps in UPI, ONDC and OCEN? Detailed Analysis",2025-04-14T14:55:08Z,522394,15063,727,PT17M43S
wVXAFlueS9Y,How Steve Jobs saved Apple from BANKRUPTCY? | Documentary | The Greatest Comeback story ever,2025-04-11T14:45:07Z,520507,15364,555,PT32M30S
G8Lq06naiHI,Apple‚Äôs Darkest Hour,2025-04-10T13:49:08Z,54625,875,23,PT30S
GlnC0O-56ks,Will AI End Us?,2025-04-10T13:44:40Z,91370,1798,29,PT1M23S
h-z1_nWybDM,Truth about ChatGPT,2025-04-10T13:44:28Z,184931,3280,24,PT47S
X5y2SZ8Yyng,The DANGEROUS Side of AI,2025-04-10T13:44:17Z,37693,1087,17,PT1M21S
DEvMtZLTT8c,Game Changing AI Tools,2025-04-10T11:16:25Z,2477850,79106,205,PT1M9S
dsM7bIwnox8,Dark Truth about AI Exposed?,2025-04-10T11:15:35Z,77847,1837,28,PT1M11S
IsbQgOFDHbk,@nikhil.kamath  on Indian Business podcast,2025-04-09T13:47:52Z,288343,9411,81,PT1M3S
5G1Xaj3gIP0,Grok AI Exposed?,2025-04-05T14:37:54Z,154116,2762,66,PT1M31S
JkxHxb_iTzI,AI can build websites without Code!,2025-04-05T14:36:21Z,53892,1240,39,PT51S
ZCf2U9J32xI,Will AI Replace Indian Engineers?,2025-04-05T14:35:40Z,1042362,21283,482,PT1M32S
YywwpnCGOE0,AI will steal your Job?,2025-04-05T14:34:49Z,134868,2242,10,PT42S
Rt7qxyDzc_Y,Ultimate AI Masterclass for Founders and Executives üí∞| Vaibhav Sisinty | IBP EP28,2025-04-05T14:00:07Z,925600,23382,872,PT1H40M40S
N4gFaOp-QzM,Want To Survive The AI Revolution? Watch This Now,2025-04-05T12:59:46Z,34203,1268,8,PT2M30S
UlJpevKpIoE,Location can Boost your Business?,2025-03-31T10:16:38Z,76941,1399,7,PT42S
lBRFzr8BS8E,Secret to 100x scale?,2025-03-31T10:16:17Z,145453,2417,8,PT1M2S
AFs008aYdSs,"T-Shirts, Jeans & cargos can make you Crores?",2025-03-31T09:51:37Z,41495,694,2,PT44S
X-timkdrFXQ,Key Principles for success?,2025-03-31T09:50:23Z,20836,656,3,PT1M
clM3MPKyuRc,Red flags in Fashion Industry?,2025-03-31T09:49:37Z,21532,516,0,PT51S
TRSW9E3gIPE,Is ZARA Failing?,2025-03-31T09:46:09Z,59430,1157,5,PT1M1S
iSAqr09NMpg,ZARA is dead?,2025-03-27T15:06:27Z,56057,1944,15,PT1M37S
VJbuBEZXcT8,Reviews can build your Brand!,2025-03-27T15:05:24Z,32180,1008,2,PT1M23S
-PfirlWVuQs,How Men Think!,2025-03-27T14:59:50Z,45355,1145,8,PT39S
Vwl6ZETAf9s,How to Build a clothing brand and make 500crores in India? ft. Siddharth Dungarwal | Snitch IBP EP27,2025-03-27T14:30:08Z,347039,6473,282,PT2H22M36S
AsEKIBskAqY,Recession fears in America again? India in Trouble? : Economic Case study,2025-03-25T15:36:07Z,1328916,28065,1258,PT20M46S
JX916HnPgyQ,Is Dubai Real Estate Really a Goldmine or a Landmine? | Business Case study,2025-03-21T15:43:21Z,1687871,30018,1673,PT22M57S
LAeFkUnLOZ4,Big issue of 5-star Restaurants!,2025-03-20T09:38:09Z,20526,778,8,PT1M20S
UqAMv7h_PXo,How Jio revolution changed India?,2025-03-20T09:29:38Z,21196,740,4,PT1M10S
fpCwi2R1qGo,How Most Gujaratis are Millionaires?,2025-03-18T16:04:00Z,288316,11312,110,PT51S
0ZEmoL5ggc4,Wining marketing strategy!,2025-03-18T15:46:08Z,13100,485,0,PT50S
Cck24Vwi8hQ,HDFC as their FIRST CLIENT?,2025-03-18T15:01:35Z,59675,1267,2,PT54S
zHpX88kk0G8,Every ENTREPRENEUR needs to WATCH THIS!,2025-03-18T15:00:39Z,24307,1388,4,PT45S
8tQOp2I2jcE,Robots will replace humans?,2025-03-18T15:00:36Z,10245,361,1,PT43S
jSkp8uYEx2A,99% of Restaurants FAIL ‚Äì How Petpooja built a software to save them? : Business Case Study,2025-03-18T14:00:08Z,278478,4326,203,PT1H41M34S
GwYqInPCcSk,India‚Äôs No. 1 Restaurant Billing Solution,2025-03-18T12:53:53Z,56867,2324,10,PT1M43S
FrP3ymZ09GY,Can Modi KILL the OIL Mafia?,2025-03-18T12:15:33Z,41422,2199,29,PT1M30S
h_fdPgjp4bI,Can Modi KILL the OIL Mafia? | Geopolitical Case Study,2025-03-15T13:00:07Z,1594821,36608,1991,PT24M14S
fKsjmUha6UE,How India Killed British Monopoly to become the godfather of Cricket? : Business case study,2025-03-14T13:30:08Z,463669,12900,799,PT24M49S
Q9cYyTeXEBM,How BCCI Became the Richest Cricket Board in the World! #championsleague #championstrophy2025,2025-03-09T06:34:58Z,824750,27829,106,PT54S
4InU47MTJJY,"MS Dhoni, The Greatest Captain Indian Cricket Has Ever Seen!  #championsleague #championstrophy2025",2025-03-09T06:33:29Z,31045,1211,11,PT1M5S
Tz9h7GUb9dU,Why Australia Keeps Winning? #India #australia #indiavsaustralia,2025-03-09T06:07:10Z,259685,8434,64,PT1M9S
63OlMZe-yRQ,Breakfast with Champions!,2025-03-09T06:05:16Z,116744,5724,21,PT59S
LGmPXIggYwM,Batsman‚Äôs Biggest Weapon?,2025-03-09T06:04:42Z,659776,27158,87,PT1M11S
udFCIl1ULLA,Sachin made 100 Crores!,2025-03-09T06:03:24Z,683843,24322,60,PT1M5S
tiqMqvBNmGI,Indian Cricket Captains! #rohitsharma #viratkohli #msdhoni,2025-03-09T06:01:14Z,124686,4788,7,PT36S
wlyHZQZvl2M,BCCI Richest Cricket Board?,2025-03-09T06:01:09Z,15012,537,3,PT54S
gyZRSHn5_D8,India will win Champion Trophy 2025!,2025-03-09T04:01:01Z,18257,739,6,PT1M4S
9BzSsdqZq4s,Ravi Shastri-The Journey from All-Rounder to Head Coach#ravishastri  #indiancricket #cricketlegends,2025-03-08T15:54:01Z,416403,17684,15,PT41S
VxoIYwwkqiE,Rise of India in World Cricket!,2025-03-08T15:53:57Z,28575,1055,5,PT44S
Iw6tKszxjys,How India‚Äôs 1983 World Cup Win Changed Cricket Forever! #1983worldcup #championstrophy2025,2025-03-08T15:53:54Z,27037,912,2,PT45S
FRUkpJn4RQA,Cricket is an emotion! ‚ù§Ô∏èüèè #championsleague #championstrophy2025 #cricket #love,2025-03-08T15:53:47Z,16915,746,6,PT37S
9hi6gH52QgU,"How BCCI became a Monopoly, Virat Kohli, Rohit and Dhoni‚Äôs secret of leadership?  ft. Gaurav Kapur",2025-03-08T15:36:07Z,668542,11491,438,PT1H43M15S
Y0aTX36WFlg,The Prince of Kolkata : Sourav Ganguly #sauravganguly #championsleague #indiancricket,2025-03-08T15:17:51Z,175845,6278,38,PT1M14S
gkaFPZobCWg,Yuvraj Singh‚Äôs 6 Sixes in an Over! #YuvrajSingh #SixSixes #t20worldcup #championsleague,2025-03-08T15:17:48Z,13841,629,5,PT1M15S
ol01HJ7QJ1Q,Virat Kohli! #kingkohli #championstrophy2025 #championsleague,2025-03-08T15:11:58Z,19892,720,2,PT31S
VQvfqR8vjW0,Indian Cricket Legends #championsleague #championstrophy2025,2025-03-08T15:11:10Z,9471,496,5,PT1M50S
4_5Smu0YAxw,Can Amul solve India's PROTEIN CRISIS? : Business case study,2025-02-27T15:28:16Z,401493,14147,719,PT27M22S
-vx1ork0O-c,The Secret Behind Success,2025-02-27T11:49:25Z,137576,8584,12,PT1M3S
LjShkT_NsJo,Traits of Powerful Leaders,2025-02-27T11:03:29Z,40975,2389,5,PT42S
wVhAId6CcY0,Qualities of a Great Leader,2025-02-27T10:45:31Z,84627,4464,4,PT57S
34Urybz172Q,Dark side of being a CEO,2025-02-27T09:05:42Z,940492,34612,352,PT58S
-DBx9Ss1C-g,"What Indian Army, Mukesh Ambani,Adani and Mahindra can teach you about leadership? Capt Raghu Raman",2025-02-26T13:15:08Z,385906,9143,350,PT2H35M25S
O8vUKmIOFjE,Why great leaders read?,2025-02-21T17:22:37Z,447679,22626,45,PT1M21S
_YiudnB46Rc,Quickest way to get success,2025-02-21T17:21:08Z,46707,3028,22,PT2M4S
WlZVe0bu_c4,Mukesh Ambani‚Äôs Leadership Secret!,2025-02-21T17:20:11Z,1225596,57760,289,PT1M57S
gSJi13cdUmY,MBA don‚Äôt teach leadership?,2025-02-21T17:19:47Z,80279,3293,28,PT1M20S
SqM1uODJ_wg,Dark Truth about Money!,2025-02-21T17:16:53Z,359056,14987,47,PT1M27S
pEfHNthYoZM,Indian Army‚Äôs Leadership Secret!,2025-02-21T17:14:41Z,30614,1866,7,PT1M
B-QzDmZOuik,Indian Army Motivation üî•,2025-02-19T08:54:52Z,24083,1242,25,PT1M59S
1meLY1ZT91A,Lessons from Shivaji Raje üî•,2025-02-19T05:58:33Z,92724,4807,31,PT37S
dL31EFJwiAk,Entrepreneurs are making big mistakes?,2025-02-17T10:54:02Z,27715,894,3,PT28S
uwb5QzxlprU,Framework for Success ?,2025-02-17T10:53:09Z,16852,736,3,PT35S
WO39028ZPnY,Shocking Truth About Job Ads?,2025-02-17T10:50:49Z,20884,617,6,PT31S
Z5UOQIpSV0E,RED FLAG for companies?,2025-02-17T10:48:58Z,98750,3089,6,PT28S
5ZKXIk0cLag,Naukri made 18 lakhs in one year?,2025-02-17T10:48:54Z,26144,857,3,PT42S
_UWFws8Glqg,Trump‚Äôs WAR on China: Can India Turn the US-China Trade War to become a SUPERPOWER?,2025-02-13T13:00:07Z,1032252,24282,1848,PT23M31S
a-a5kuLYtTo,"Will Reliance and Shein destroy ZARA, H&M and ZUDIO? | Business case Study",2025-02-06T12:30:07Z,919323,18353,873,PT20M35S
qBOFexfWS4k,MODI‚Äôs MASTERSTROKE Budget 2025 Analysed in Simple words: Budget 2025 case study,2025-02-02T09:10:07Z,1133723,34486,1499,PT24M38S
G7Jyzj1FpnU,What's the REAL Truth Behind AAP's Delhi Development Claims?,2025-01-30T15:15:07Z,340083,13063,3704,PT28M54S
DyNO8gsuJIg,Tanker Mafia in Delhi?,2025-01-30T13:53:46Z,35022,1118,29,PT1M26S
8NiMjjXSE78,Delhi Hospital Scam?,2025-01-30T13:51:57Z,55447,1615,43,PT1M15S
0j0weFIDWgM,Delhi Water is not Safe for Drinking?,2025-01-30T13:49:41Z,15500,565,31,PT1M10S
ovK-Ju26gJw,Money is REAL Women Empowerment?,2025-01-30T13:46:11Z,194293,5872,255,PT1M30S
RSogF2DDpaI,Can Yamuna be cleaned?,2025-01-30T07:37:18Z,163194,3746,202,PT1M10S
dpGAShsUX3M,Freebies: Boon or Bane?,2025-01-30T06:33:53Z,66807,3153,137,PT58S
8Lhkt_9Xx9s,Kejriwal vs Think School,2025-01-24T18:21:28Z,162198,7379,236,PT1M30S
8nES01011GY,"Freebies, Water Crisis, Dirty Yamuna & Healthcare Problems Under AAP's Rule! : Delhi 2025 Elections",2025-01-24T14:25:08Z,1160121,41764,8390,PT1H37M16S
52-GTWBxE7k,Delhi's Power Struggle!,2025-01-23T12:13:59Z,266352,14118,278,PT28S
FoQR9rLpRy8,How Elon built SPACE X and became the Richest Man on Earth?  @SpaceX,2025-01-21T12:30:08Z,1427158,36091,1424,PT24M54S
hySf1Sk9QRg,Elon Musk‚Äôs Masterstroke! @SpaceX,2025-01-21T12:14:09Z,18771,1033,14,PT39S
mRd5AImdaaw,Rooftop Solar Revolution!,2025-01-17T14:42:40Z,259935,10279,72,PT1M
vb5FUiuQ8yg,Rising Concern for India?,2025-01-17T14:40:00Z,76672,3065,78,PT48S
7_KRd0Ia7L4,India's Biggest Advantage?,2025-01-17T14:33:04Z,120985,5520,57,PT53S
TZ77JouLUYQ,India‚Äôs Unfair Advantage? #automobile #business,2025-01-17T14:31:15Z,645854,26761,199,PT1M18S
gPO3mRmSzH0,The shocking Solar Goldmine that is Making India an Energy Superpower? : Solar Square | IBP EP 23,2025-01-17T14:30:08Z,867553,12563,1284,PT1H23M18S
mp3q9xYVhVU,Tata‚Äôs Shocking Culture!,2025-01-13T13:54:18Z,53079,2504,18,PT42S
YWLdGtIkV6c,Zara‚Äôs Mindblowing Trends!,2025-01-13T13:53:55Z,29054,1156,5,PT41S
50mFCbZfglA,Great leaders Follow this hack,2025-01-13T13:53:50Z,13617,731,4,PT59S
cxwhEqwBSxU,Truth about Zudio Revealed!,2025-01-13T13:42:04Z,55466,1950,13,PT1M27S
CCTpxFwZPFg,How Zudio and Westside conquered India‚Äôs Fashion market and made 11069 crores?  |  IBP,2025-01-13T13:34:00Z,203808,4577,107,PT1H2M6S
uZis94azCzk,World's TOP AI Expert Shares NVIDIA Secrets! @NVIDIA,2025-01-08T12:41:31Z,24916,1732,22,PT1M40S
mOaH85TWdMc,Investor‚Äôs Mastersclass?,2025-01-07T16:15:34Z,81850,3452,7,PT59S
Ih-nBopdJz4,From Naukri.com to Unicorns: Sanjeev Bikhchandani‚Äôs Entrepreneurial Secrets? | IBP EP22,2025-01-07T15:01:29Z,282493,5423,174,PT1H33M7S
sbv0CfUv2TU,India‚Äôs Rise as a Space Superpower: The Incredible Story of SpaDeX (Space Docking  Experiment),2024-12-30T17:11:47Z,896995,37010,1235,PT12M27S
VTuS1ewrjag,VPN exposed!!!,2024-12-29T06:53:52Z,51763,1584,34,PT33S
qcxpug_SMDM,Is your phone really safe?,2024-12-29T06:53:41Z,27415,1208,4,PT53S
Y6uxmvbS1wI,Exposing 3 Dangerous Hackers!,2024-12-29T06:53:21Z,24454,1034,4,PT46S
Z6dwd50bNq0,The Shocking Rise of Pulse Candy: From 0 to 100 Crores? | Business Case study,2024-12-25T13:48:08Z,505005,14977,536,PT18M52S
rMHaNzoWCLs,Is Selling Packet Milk the Hardest Job Ever?,2024-12-22T12:52:24Z,151787,6273,35,PT42S
IM9irD9LL3s,India's Dairy Boom Secret Revealed ?,2024-12-22T12:51:35Z,874205,30659,153,PT48S
CQixZWJjHaQ,Equality for farmers?,2024-12-22T12:50:41Z,31583,1833,10,PT55S
hy2TaHKyklM,Amul‚Äôs Genius Marketing Strategy,2024-12-22T12:50:29Z,188840,9549,32,PT41S
RRFDZyo4DvM,Amul‚Äôs Protein strategy üî•üî•,2024-12-22T12:50:14Z,1104356,60385,456,PT56S
OdhpMkMUJyQ,Is Milk really white gold?,2024-12-21T06:39:50Z,90667,3956,22,PT31S
CyDInDZ1vAA,Protein Market Exposed!,2024-12-20T07:34:05Z,156141,6043,61,PT1M3S
aFQ3wLjdVjc,One Nation One Election: Threat to Democracy?,2024-12-19T12:34:13Z,15844,726,26,PT17S
nNbphew2mpU,Masterstroke or Death of Democracy: One Nation One Election EXPLAINED,2024-12-18T16:06:31Z,1367219,44784,5019,PT23M55S
X_gUt_8Qris,Accepting Cookies is dangerous????,2024-12-16T14:14:09Z,48712,1828,7,PT40S
MjB1YHmh-SE,Do this to Stop Hackers from hacking your phone.,2024-12-16T14:14:06Z,59996,2117,5,PT43S
OriQPwNZ8Wo,This INDIAN makes 400cr by doing FREE heart surgeries? : Narayana Health Business case study,2024-12-14T13:15:07Z,366504,15536,505,PT21M8S
FfRsQXv4heU,Chinese are secretly stealing your money  ‚ö†Ô∏è,2024-12-14T13:03:26Z,78315,3426,5,PT46S
eCIS08HQTLI,Creators are in Danger ‚ÄºÔ∏è,2024-12-14T11:14:43Z,53327,2385,3,PT56S
TeDB9hw7hDg,Check if you are hacked?,2024-12-12T13:49:42Z,115005,4241,25,PT35S
Hagk0kbNNaM,Your Aadhaar data is Hacked?,2024-12-11T15:58:05Z,212737,11058,33,PT1M1S
0wx0H9pInIk,"How to protect Your Accounts, Business,Laptop and Phones from getting hacked? : Cyber security Guide",2024-12-11T15:44:46Z,133489,3231,110,PT1H14M56S
ez6jNLGz8GQ,Amul will never go IPO!,2024-12-07T14:52:42Z,2129238,104359,656,PT46S
fA-7AnNeIfA,Amul's Genius marketing strategy,2024-12-07T14:47:40Z,1343582,49997,204,PT1M1S
NGJEr4HNBRE,Amul vs Nandini,2024-12-07T14:27:48Z,128198,7047,72,PT1M1S
Q2wkOtWH7HI,Can Amul go IPO? MSP is bad? Amul‚Äôs secret e-commerce plans decoded with Head of @amultv ? IBP EP21,2024-12-07T13:30:13Z,468760,11038,678,PT1H50M37S
QxMyx8LA90E,Biggest guest on Indian business podcast?,2024-12-07T09:12:53Z,76453,4550,21,PT29S
TnkTZlfxy7w,Crorepati farmers do this,2024-12-04T10:58:35Z,107010,4731,28,PT53S
80xoKI5cGuQ,App is bad investment?,2024-12-04T09:34:56Z,642551,33439,432,PT38S
0SKhJiaY9hY,What Do Rich Farmers Know?,2024-12-04T07:41:29Z,938320,44994,218,PT42S
dfPShrILZtM,Can Farming Outperform Stocks?,2024-12-04T06:52:10Z,2272155,94787,783,PT56S
zDxtWcMvL3E,Secret for FOCUS!,2024-12-04T06:14:23Z,191871,16958,61,PT51S
czDUqe3yX04,make crores with apps?,2024-11-25T12:49:05Z,35550,1557,9,PT44S
PN51tJhZscE,Is Indigo's Business Empire CRUMBLING? : Business case study,2024-11-23T13:45:08Z,1143034,24063,1035,PT14M53S
AIf3UPYXVG4,@NitinGadkariOfficial  on Maharashtra‚Äôs Infrastructure.,2024-11-23T13:23:38Z,576651,37264,142,PT1M
Oi818givByY,Power of Virat Kohli marketing,2024-11-22T10:34:31Z,380599,20925,39,PT1M
f82RH6mBquc,How @TechBurneraims to go against the Giants in the market? ft. Shlok & my brother Neel | IBP EP20,2024-11-21T14:44:21Z,506027,10631,1198,PT2H31M18S
D_wV_gASkqk,Why is Maharashtra going Bankrupt?: Economic Case study,2024-11-16T15:00:07Z,643618,23015,2189,PT19M7S
5KBYYvTONNY,"Manyavar vs ZARA, H&M?",2024-11-15T15:21:01Z,2960211,193353,543,PT59S
L178A6nDt0U,Rich people hide this from You!!,2024-11-15T13:49:24Z,51491,2845,8,PT56S
ciCWbcdQUjE,Why Indian farmers are poor?,2024-11-15T05:01:49Z,59542,3300,92,PT44S
B_7rWuilFz8,Manyawar's secret strategy,2024-11-14T16:04:31Z,96205,3718,27,PT1M
-dqpFtki2uw,Secret of Celebrity weddings!,2024-11-14T15:30:00Z,99065,4371,11,PT1M1S
p_gZtzF2i9M,What Rich people teach their kids?,2024-11-14T14:58:27Z,118249,5924,11,PT1M
-tbJl3rrN78,"How did Manyavar become a 30,000 crore company? : Indian Business Podcast Ep 19",2024-11-14T14:03:26Z,480337,8981,302,PT2H2M8S
TmD8t5XWPJ0,Donald Trump's SHOCKING impact on India? : Geopolitical Case study,2024-11-07T12:30:06Z,1828020,43458,1413,PT13M55S
AxSm7inYZvo,Farming can make you CROREPATI!!,2024-11-06T10:52:33Z,42788,1745,10,PT50S
JydbBDgG58o,Why America and Israel are Afraid of Iran? Geopolitical Case Study,2024-11-05T15:15:20Z,1865210,40937,3442,PT20M18S
gWwNZGRCDM4,Why is India not a Nuclear Superpower ? | Geopolitical Case Study,2024-11-03T14:50:11Z,1356755,36934,1991,PT23M15S
C0Cum0Gy2gE,India vs China: Who is winning?,2024-10-30T14:29:20Z,306214,15773,264,PT38S
uGfV-g0EvUY,Boult's shocking secret,2024-10-30T14:25:46Z,64868,3966,27,PT1M
P-3UoEIX9XA,Why Funding can kill your Business!!,2024-10-30T14:22:38Z,28076,1498,3,PT46S
ixfqRWfw0kQ,How to earn using Amazon?,2024-10-30T14:14:13Z,17796,861,7,PT30S
tL9IWnOLnIs,This man makes crores selling burgers!!,2024-10-29T07:54:39Z,20375,727,5,PT59S
FBJf6KiARYo,Strategy to Streamline Supply Chain,2024-10-29T07:52:53Z,105687,3444,20,PT57S
0DrAzdRo3RM,Is Make In India Failing? | Case study,2024-10-28T15:01:08Z,1043179,31128,4296,PT27M21S
r4X_G9AHg8k,There's always money on the table!,2024-10-28T12:02:39Z,20718,803,2,PT1M1S
T25nNxmn1Ac,Secret to 75000 paying subscribers? | Level Supermind,2024-10-25T12:05:01Z,31231,1186,8,PT42S
nNP4o1wE6Vo,How can you make 1cr/year with farming? | BharatAgri Co-founders |Indian Business Podcast EP18,2024-10-24T15:02:00Z,723929,16956,804,PT1H34M9S
bSx6hDjALkQ,What made Dhirubhai Ambani a Business Genius? | Business Case Study,2024-10-19T14:40:06Z,1086352,27692,650,PT28M10S
xJmO3B98DlQ,How to make 40 lakhs per month with  subscription model in India? | Level supermind IBP Ep 17,2024-10-17T14:01:01Z,157338,3765,150,PT1H18M19S
apYrD2BV7FI,India‚Äôs Quick Commerce revolution?,2024-10-13T13:17:33Z,282919,11172,57,PT54S
SYsjllEMlk4,Strategy for Branding?,2024-10-10T12:54:07Z,2198045,60267,172,PT55S
e2kDcVjEJKM,Swiggy IPO Goldmine or Disaster? Detailed Case study,2024-10-09T15:00:07Z,596294,14596,540,PT17M41S
ZYOtgB2kwX8,Why Starbucks Failed?,2024-10-07T10:40:03Z,112494,4738,29,PT1M
4qiwCFXmL6M,Made 750crs selling Earphones?,2024-10-05T06:56:55Z,158671,6929,36,PT1M
6KgFW_u4CJw,Why most businesses fail?,2024-10-05T06:56:31Z,247498,12204,57,PT56S
EfoXe2a91H4,Lost 55 Lakhs in Mithai business?,2024-10-04T09:31:02Z,91179,2693,10,PT59S
iH8IrBG4csM,Boult's SHOCKING Move to Dominate the Wearables Market! | IBP EP16,2024-10-03T13:28:25Z,1135707,14139,662,PT1H48M41S
RaELlvGU_V8,Got scammed by ad agency!,2024-10-03T09:42:08Z,86952,2523,6,PT52S
HJ5FD5mqvEU,100cr Sales Strategy of Veeba!,2024-09-29T04:38:30Z,142728,6202,20,PT52S
xTh__usZ44k,How Royal Enfield Crushed Foreign Brands?,2024-09-28T14:45:31Z,661233,22619,558,PT18M4S
eqH-TKQa-1Y,Madness Inspires Great Products!,2024-09-28T09:12:39Z,149065,5687,42,PT59S
vgjkzFIq_94,Jumboking vs Mcdonald‚Äôs?,2024-09-27T05:30:25Z,95602,3211,33,PT1M1S
hDSn3PuInac,How to make 1cr/year by selling Vadapav and Burgers? | IBP Ep 15,2024-09-26T14:15:27Z,546844,8232,562,PT2H34M37S
U38tANUftE4,Market research Secret,2024-09-24T08:02:21Z,107589,3620,14,PT1M1S
dg4XYZV5R04,How Veeba got Domino's as a client?,2024-09-23T08:10:42Z,3233457,124639,416,PT1M
SWyBa1iSkNw,Power of Observation,2024-09-21T07:21:23Z,241463,12331,22,PT58S
yF6rTIrlcwc,"Rise and Fall of Patanjali, Whats the future?: Business case study",2024-09-18T13:30:07Z,806502,16483,1473,PT25M22S
LEN0L1_qZTo,From Aspiring Chef to MasterChef India‚Äôs Presenting Sponsor,2024-09-18T11:23:27Z,387273,12670,27,PT1M
Rt-cRiLZ7MU,How to build 1000 crores sauce company?,2024-09-16T14:18:37Z,104092,4524,23,PT1M
n5ipHOFj-Hw,The Surprising Reason VEEBA is Conquering the Indian Food Market? | IBP EP14,2024-09-15T12:30:08Z,763285,11309,563,PT2H8M34S
T1PLEPTbXc4,India's Secret Weapon to counter China‚Äôs Solar Dominance? : Waaree Energies | Business Case study,2024-09-10T13:30:12Z,1014517,27694,1279,PT23M28S
MdHLd9BamX0,Why Indian companies are lagging?,2024-09-06T07:38:16Z,224044,9466,181,PT58S
gfm93K-K3WI,India's rise to 5th Largest Economy?,2024-09-03T09:29:51Z,1922249,80517,853,PT54S
rPkT8OvjyDU,Did Nehru‚Äôs policies fail India?,2024-09-02T12:00:12Z,1714072,61691,777,PT59S
OeHVlN73aKA,How Donald Trump‚Äôs Genius marketing made him the President of USA?üá∫üá∏ : Marketing Strategy Explained,2024-08-30T14:30:12Z,797412,22166,1580,PT29M33S
LiFA4CBDYDs,Indian Education is a Scam?,2024-08-29T13:56:30Z,355736,20097,487,PT54S
QneQbVzfw3E,Why Kolkata Failed?,2024-08-28T05:15:39Z,2362568,100855,2038,PT53S
G_LdttkVQmI,How Nike Lost $27 billion in one day? : Direct-to- Consumer Business case study,2024-08-27T13:30:12Z,569783,16403,489,PT22M59S
IG36kWLgM6c,Together let's Create safer place for women!,2024-08-26T07:15:19Z,417612,26408,375,PT58S
wqxR8Uh3D5o,Can India become the 3rd largest Economy?,2024-08-25T13:54:10Z,77237,3011,85,PT1M1S
3Lgf2WHstBY,How will Modi govt fix India‚Äôs problems? : ft. Sanjeev Sanyal | Indian Business Podcast EP13,2024-08-23T15:30:07Z,1234391,21903,2320,PT1H11M18S
vwDfj70PLW4,Challenging Modi‚Äôs Vision for India,2024-08-23T12:31:52Z,129937,6413,73,PT1M
bwcQCIUxzak,Europeans are getting sick because life is comfortable!,2024-08-22T14:56:58Z,62250,3485,38,PT54S
i-DFjuqslgc,How to hire great team leaders?,2024-08-21T15:12:51Z,33363,1409,5,PT51S
GQPymbqa08A,The Rise and Fall of Old Monk | Business Case Study,2024-08-19T14:00:29Z,1095517,25927,1493,PT19M31S
tykAc024_8o,Is this the end of Adani? Decoding SEBI's response to Hindenburg (Business case study),2024-08-17T15:30:07Z,788503,20832,1907,PT15M50S
8HalAzmFrMw,How Odoo is competing against SAP and Zoho?,2024-08-17T14:25:19Z,178463,5910,30,PT1M
edn1vCue_9E,Secret of getting rich.,2024-08-16T14:59:38Z,39830,1788,9,PT37S
YlrifFTE-Zg,India is the Next global Powerhouse!,2024-08-14T15:46:54Z,77929,3651,36,PT1M
Ctolh4idTbc,Power of Autonomy: How  it can help produce amazing results?,2024-08-14T09:33:33Z,27017,1170,6,PT1M1S
MwvNw8LEKRY,How to build a Software Company? | Indian Business Podcast Ep 12,2024-08-13T03:37:08Z,258230,8980,32,PT1M
CA-qqh5_g0c,Odoo vs Zoho vs Microsoft : Building Odoo into a 433 million dollar company? :  IBP EP12,2024-08-12T11:30:08Z,243581,5218,247,PT1H16M57S
sgi_dHS9BvY,Think School Inspiring Kindness!  #pawsofhope,2024-08-08T07:29:09Z,22354,1169,37,PT30S
qZXYj4G4vzg,How hosting 2036 Olympics will ruin India? | Economic Case study,2024-08-07T15:30:07Z,932148,24921,2484,PT19M44S
q05pgjJA9lQ,Engineers are better at handling online hate and trolling?,2024-08-05T08:32:27Z,56973,2127,20,PT56S
TotT_e0nTyw,Instagram vs YouTube: Where should brands invest? Ft. @beerbiceps,2024-08-04T10:01:28Z,42525,1589,8,PT53S
Fcammw5Dh2Y,Why UK üá¨üáß is going Bankrupt? : Detailed Economic Case Study,2024-08-03T14:30:07Z,1991740,51640,4053,PT20M37S
RiH0bMOU3ec,How Ranveer and Viraj started with Monk-E?,2024-08-03T06:52:37Z,58163,1786,5,PT58S
Bjqhf9xItd0,Why do brands choose Instagram over YouTube?#brand  #youtube #instagram,2024-08-02T11:27:23Z,78879,2990,29,PT55S
_KUgW56gxgE,Achieving massive social media growth!  @beerbiceps,2024-08-02T07:11:28Z,135026,6299,14,PT41S
TmpduZwq89Y,Secret of  BeerBiceps Growth?,2024-08-01T06:11:08Z,931716,33795,78,PT54S
PWHb-2kFD6U,"Why does BeerBiceps  talk about Tantrik, Yeti and Sex?",2024-07-31T09:54:34Z,36916,1028,30,PT59S
XDzIARoudYA,How did cold messaging help Ranveer get @tanmaybhat  ‚Äã‚Å† as a client?,2024-07-30T15:07:55Z,14144509,717795,927,PT59S
s1sv7iFDdxY,Can Meesho's Business strategy beat Amazon? | Business Case Study,2024-07-29T12:30:07Z,654378,18412,653,PT27M11S
3EmuERXoVfQ,Beerbiceps 0 to 100 cr journey @BeerBiceps !,2024-07-29T12:13:47Z,91480,3335,28,PT1M1S
VNqsEQlW06M,100 Crores Media Giant? @beerbiceps  IBS EP 11,2024-07-28T06:21:30Z,116661,5583,28,PT1M
2PUiopS8GrQ,How BeerBiceps became a 100 crores Media Giant?  | Indian Business Podcast : Episode 11,2024-07-27T13:00:08Z,1088690,21273,1317,PT2H22M23S
_SAtdVsQgwY,Budget 2024 : Biggest Mistake or a Masterstroke by the Modi govt? | Complete analysis,2024-07-25T15:31:12Z,1161018,33613,4319,PT29M38S
jLSWPNPSoFs,Was the Ambani Wedding a Genius strategy or just a Show of Extravagance? : Marketing Case study,2024-07-18T15:00:12Z,1547413,49729,3986,PT25M10S
CaM10wZT4p0,Why is Ferrari the greatest car in the world ? | Documentary on Enzo Ferrari,2024-07-16T14:00:06Z,406057,14316,367,PT25M19S
Osj5BaAfj84,Can Modi 3.0 beat Germany? : Indian economic case study,2024-07-10T13:30:09Z,906690,32431,3094,PT29M10S
BnLN8SgLAXY,Did Modi really kill black money in India? : Economic case study,2024-07-07T15:00:12Z,2249911,59800,4893,PT27M40S
wwWYtEQZvoU,Hyundai IPO decoded in simple words :Business case study,2024-07-05T11:45:06Z,364308,10941,439,PT27M25S
RBhy8TvWq3k,How a Poor boy became a Billionaire by selling bags? : Louis Vuitton Business case study,2024-06-26T14:45:08Z,766775,37057,517,PT23M22S
YUm8pIg96n0,Is Real Estate industry going to grow? #thinkschool #realestate #entrepreneur,2024-06-22T13:21:47Z,123385,4029,74,PT37S
gpy8NgRPvVM,Business ecosystem in late 1970? Ft. Niranjan Hiranandani.,2024-06-19T13:44:25Z,380188,11141,161,PT59S
cYgufa8c14A,GOLD prices are rising. Is it KILLING the US Dollar ? : Geopolitical Case Study,2024-06-18T14:00:08Z,1573418,38775,1327,PT24M53S
fYsDTZd2BAk,Quality is not expensive! Do you agree with this?,2024-06-16T12:08:29Z,463018,21202,278,PT59S
1kOEONLz5xA,How to build a Real Estate Empire? : Niranjan Hiranandani Reveals Secrets & Strategies | IBP EP 10,2024-06-11T14:00:07Z,642401,11366,448,PT1H12M42S
fPsvjCjvC6Q,How BJP‚Äôs Genius marketing strategy turned it into a political superpower in India? : Case study,2024-06-05T15:30:08Z,1347877,42356,4065,PT37M5S
AnOqz5TsumU,How MBAs failed Boeing ? : Business Case study,2024-06-03T13:00:08Z,1323510,35094,1766,PT27M52S
6JpQnaS3xx4,3  Things that helped OYO grow! Ft. Ritesh Agarwal!  #business #thinkschool #podcast,2024-06-02T13:59:56Z,214082,8069,43,PT53S
Zd_r9ZWrEIM,Power of Small Businesses in India? #business #podcast #indianbusinesspodcast,2024-06-01T10:22:34Z,273972,13430,56,PT1M
Stgu5U3eHfQ,OYO almost went Bankrupt? #thinkschool #business #podcast,2024-05-31T11:54:42Z,327822,14061,42,PT1M
TdQ2UD-U9rQ,"@-RiteshAgarwal  discusses SECRET Business Strategies, OYO Bankruptcy and Peter Thiel on IBP Ep 9",2024-05-30T13:15:09Z,863845,10857,408,PT1H54M50S
frRxIXLjiRA,Gap between rich and poor increasing so much?  #business #indianbusinesspodcast #education,2024-05-28T09:23:28Z,1436608,46055,1923,PT1M
OGs2YsqvWDg,Blinkit‚Äôs Genius Strategy that stunned Amazon | Business Case Study,2024-05-24T13:00:08Z,2506995,61115,2084,PT28M7S
k8ms3CfJFLE,Congress dictatorship?,2024-05-21T15:46:09Z,935452,42732,1832,PT46S
Ayy-__ghfUI,How Jaishankar made India powerful using India Middle east corridor? : Geopolitical Case Study,2024-05-20T14:00:08Z,1724058,52924,1951,PT18M24S
uKO8tk3_itQ,"FM opens up on North vs South, Congress,GST, IncomeTax & India‚Äôs Economy| IBP Episode 8",2024-05-19T12:00:08Z,3573361,65117,5038,PT1H1M48S
m_VtA-wY2XM,Kerala‚Äôs Economic Disaster! #business#kerala #indianbusinesspodcast,2024-05-15T14:39:52Z,2655683,100515,3057,PT59S
AvgXbmlg-j8,Ex-Congress MP Milind Deora Reveals why Modi‚Äôs Vision is the way to go for INDIA? IBP Episode 7,2024-05-14T12:30:08Z,449237,10970,1353,PT1H13M2S
B18KBeiwgas,Dr. Shashi Tharoor on Indian Business Podcast Episode 6 #thinkschool #business,2024-05-12T12:38:11Z,1411779,59447,1205,PT1M
bPiLfeQtavQ,Can UP become 1 Trillion Dollar Economy?,2024-05-11T12:09:45Z,3864834,150586,2080,PT57S
bQMG4fJZiAk,Why Congress is giving Freebies& MSP? How did Kerala's Crisis happen? ft Dr. Shashi Tharoor: IBP Ep6,2024-05-10T08:30:08Z,756128,23911,4985,PT59M55S
pEdAfWuxNAc,Questioning the power of BJP!,2024-05-06T13:30:33Z,929161,31694,890,PT59S
fQCKKkEJxtQ,How did BJP become a Political Superpower? | ft. Shantanu Gupta : Indian Business Podcast| Episode 5,2024-05-06T08:30:06Z,954853,19283,1919,PT1H51M28S
fT31gishayc,Finding a Great cofounder! Amit jain #entrepreneur #business,2024-05-03T05:34:49Z,105296,3799,10,PT57S
dKaklg_-Zu8,What is BJP promising in 2024 elections? : BJP Manifesto Explained in Detail,2024-05-01T12:00:08Z,1039621,36741,4706,PT26M32S
J0-jml2d7d0,Every founder must know this,2024-04-29T03:54:13Z,60788,2795,13,PT53S
CIa69FCphBA,Dhoni‚Äôs leadership style,2024-04-27T11:53:44Z,66751,2982,21,PT54S
TltOBVPH3Ec,Spending Hack that will save 20%!,2024-04-26T13:12:18Z,114021,5305,59,PT59S
Dq_lv8G3KmE,Understanding the gaps in the STUDY ABROAD MARKET?,2024-04-26T12:30:08Z,606189,19517,1192,PT19M27S
cDb_GvOTJjo,1000 cr marketing for free strategy,2024-04-25T10:00:22Z,91404,2933,13,PT48S
qrb7OVkgYts,Funding is a scam? #funding  #business  #startup,2024-04-24T09:13:36Z,228167,7061,33,PT57S
Voqn4wKlCoM,Richest Shark in Shark Tank,2024-04-23T08:28:13Z,222981,7107,12,PT58S
3SnOmNwqgLc,How to put a business on autopilot? : ft. Amit Jain of Car Dekho: IBP Ep 4,2024-04-22T15:00:07Z,363408,6799,395,PT1H38M9S
uG5eVDYW3zQ,Marriage mistake  #family #love #thinkschool,2024-04-22T10:58:16Z,182392,8070,26,PT39S
31pjPjNQDF8,Mother‚Äôs love. Dr. Velumani #buisness #travel #mother,2024-04-21T10:04:33Z,1573506,67980,211,PT51S
bbuT1-PlzPo,How franchising model became breakthrough for Thyrocare!,2024-04-20T12:34:41Z,3216738,115105,348,PT58S
E44z6j4TMjU,Earn 3cr per month,2024-04-19T14:03:10Z,581920,20542,57,PT1M
HX7gmiECrPw,The power of Focus in Business,2024-04-18T12:57:24Z,1174084,42628,97,PT48S
RGW_v4Gbv9o,Secret of Rich??,2024-04-17T11:03:08Z,523193,24791,105,PT49S
mxgvmEOh0vo,"Man who made 3300 crores saving lives, Dr. Velumani, founder of Thyrocare.",2024-04-16T11:13:01Z,1347245,52060,117,PT59S
FK7Chd_XNwU,From Poverty to 3300 crores. How Dr.Velumani built Thyrocare? | Dr Velumani |IBP Episode 3,2024-04-15T03:30:05Z,1065747,24179,916,PT2H1M8S
Hur59sjE5wo,Where has BJP failed during the Modi Era? : Decoding the ‚ÄúBLACK PAPER‚Äù of the Indian Economy,2024-04-12T11:00:07Z,1112735,47315,7383,PT19M31S
MEqLSRGnJD4,There is a thin line between get a mentor and getting an advisor. Do you realise it?,2024-04-11T13:31:08Z,70449,3096,13,PT53S
Q073TTZx7aM,Did Russia win the war against US & EU? Economic Case Study,2024-04-09T14:00:07Z,778447,25294,2247,PT23M30S
E7Vk-02sUwA,To improve your fitness and address any health issues check out AIWO Health,2024-04-07T09:39:45Z,309186,11609,207,PT1M
7CSjpS-_maY,India's road to 5 trillion economy? #businesscasestudy #indianeconomy #geopolitics #buildindia,2024-04-03T12:39:56Z,126951,6719,228,PT54S
zYJPLD0UrLw,Nitin Gadkari on Chhatrapati Shivaji Maharaj,2024-04-01T15:05:01Z,142629,8549,111,PT37S
iqs1qw80rUs,Can India beat China in the Energy race? : Detailed Case Study,2024-03-31T14:30:07Z,662255,23368,1269,PT18M35S
j7u7AErcYB8,Why is Kerala Falling Into an ECONOMIC crisis? Why did Supreme Court intervene? Explained in Detail,2024-03-29T14:00:07Z,1344657,46287,8816,PT17M14S
ba9TJFBdFQ8,"Nitin Gadkari breaks his Silence on Electoral Bonds, Farmer protest & his Vision for India: IBP Ep 2",2024-03-28T13:30:08Z,1151864,40491,4067,PT1H8M8S
OBY2L3fUP1A,How IBC changed Indian Banking Forever saving 3 Lakh Crores ? : Economic Case Study,2024-03-26T14:39:07Z,521677,18477,797,PT19M18S
Z2uCmS3qgpo,Why is Bajaj betting on CNG while everyone else is focused on EVs?: Business Case Study,2024-03-22T13:30:07Z,698649,18873,1096,PT16M50S
_NTh5l9HJBY,Electoral Bonds : Biggest scam in Indian History? : Explained in 15 mins,2024-03-18T14:00:06Z,763949,32745,3415,PT16M57S
fY0L4HwovIU,Why Mumbai-Pune Expressway is a Lifeline for the Think School Team?,2024-03-16T12:32:51Z,697002,7973,128,PT59S
ijUZnhYv8CQ,How JIO‚Äôs Masterplan Beat Disney & became the King of Indian OTT? | Business Case Study,2024-03-14T14:00:07Z,562788,19032,881,PT24M8S
TXaRvGshcM8,How Did Adani Group Bounce-back from the Hindenburg Fiasco? Detailed Business Case Study,2024-03-11T14:30:07Z,524513,20032,964,PT21M50S
8C1cqsTpxXk,5G Revolution: How can you benefit ?,2024-03-10T06:33:35Z,134575,6062,201,PT59S
hjVama9Id8M,Can MODI‚Äôs GOLDEN TEAM hit the 10 Trillion dollars GDP dream for India? : Economic Case Study,2024-03-06T14:30:10Z,1286948,41698,3873,PT23M48S
AuDbtP_iCJ8,Aam Aadmi Party Honest Report Card : Did they really change Delhi? : Political Case study,2024-03-03T13:15:16Z,533774,20666,3366,PT21M53S
BanDS5A-hLU,Guide to make your product addictive : Duolingo Business Case Study,2024-02-29T13:30:10Z,323352,11584,459,PT21M41S
Snx57b5p5VU,Are Farmer demands BASELESS or is the govt exploiting the farmers? : MSP Economic Case Study,2024-02-26T15:00:07Z,626327,29388,3551,PT19M3S
yr7jI2tmx14,Must Watch: Oyo‚Äôs Ritesh shares a personal story about how he solved his customer‚Äôs problem!,2024-02-26T09:30:29Z,1293692,47765,101,PT47S
BxggXhUDhxs,Why Radhika Gupta‚Äôs Edelweiss does not have a MOAT? How are they differentiating themselves?,2024-02-24T06:47:05Z,995130,17701,141,PT45S
gaJR-aMqAnY,How RBI saved India from a Banking Crisis? : Economic Case Study,2024-02-23T12:30:10Z,838026,29411,1693,PT15M21S
_2YM7EWvItw,How Vineeta Singh helped the Quirky Naari 10X their revenue from 5L to 50L?,2024-02-21T11:51:19Z,1161356,43310,95,PT1M
CnaFfKV625c,"Shark Tank Investments & Pitching ft. Ritesh, Radhika and Vineeta | Indian Business Podcast | Ep 1",2024-02-19T13:30:30Z,637108,16042,524,PT55M40S
iUF-Wh1Iu7w,Decoding the WHITE PAPER of the Indian economy? : Economic case study,2024-02-16T14:30:10Z,1026449,42563,6657,PT25M23S
AZf9bOKjzv4,How KEJRIWAL‚Äôs GENIUS strategy beat BJP & Congress & made him the KING of Delhi? : Case study,2024-02-15T14:30:11Z,553861,19236,2218,PT21M33S
kGO4J6g3aQA,Indian Business Podcast coming soon ‚ù§Ô∏è,2024-02-13T13:34:36Z,203152,9097,106,PT31S
7JXkKVA5RAA,Will Paytm CRASH or Make a COMEBACK? Why is RBI hitting Paytm? :Business case study,2024-02-05T14:00:11Z,1179651,37332,1085,PT15M30S
ow5LxMPuRz0,Why India has a POOR CREDIT RATING Despite being the fastest growing ECONOMY? : Detailed CaseStudy,2024-02-02T14:00:11Z,842955,37366,1973,PT19M1S
-98fnc4VAo8,How A Poor Boy Built A 2000Cr Dairy Company And Beat Giants: Business Case Study,2024-01-28T14:00:09Z,1390401,41741,1461,PT21M28S
HtUiNw8K3XE,What is the HIDDEN SECRET behind the Iran-Pakistan Conflict : Geopolitical Case Study,2024-01-23T15:30:08Z,930564,29626,1166,PT17M11S
eCoOsDrbics,Why Gujarat‚Äôs Gift City is a GAME CHANGER for INDIA? : Economic Case Study,2024-01-19T13:30:07Z,2007810,52770,3102,PT21M53S
e58amA-TqiM,The Honest BJP Report Card (Analysed with Stats): Were the Promises Fulfilled?,2024-01-16T15:00:09Z,1713095,69829,8092,PT26M36S
b9rLMlN5QnU,The Genius Strategy of Coca Cola to beat Pepsi | Business War: PEPSI VS COCA COLA,2024-01-07T15:34:11Z,600008,19305,354,PT15M36S
zQx5yJsIBWo,OLA Electric: Is there any future in India?,2024-01-05T14:39:10Z,748928,21112,814,PT25M34S
nqqPFXv8pAk,How the Red Sea War will affect the Indian Economy? EXPLAINED IN 8 mins,2023-12-30T14:30:07Z,977636,28145,622,PT13M44S
wm86VOSf3rc,Is Gujarat model a Miracle or a Disaster? : Indian Governance case study,2023-12-24T15:30:11Z,860199,33595,2738,PT20M55S
s8NWNIGObjU,What's happening to BYJU'S? : Business Case Study,2023-12-21T14:30:08Z,1123742,29116,969,PT20M36S
fubBvMdSWjE,Can Google Gemini beat ChatGPT? : Google vs Microsoft Business case study,2023-12-15T16:00:09Z,782370,24551,793,PT18M55S
pQfUPjo2RQs,Was Abrogation of Article 370 good for India?üáÆüá≥ : Political Case Study,2023-12-14T15:10:06Z,995262,31869,1152,PT16M29S
0QWC_N6Hi5s,Is India Winning or Losing the Electric War?: Business Case Study,2023-11-30T14:30:11Z,1000779,28747,1613,PT24M35S
QP20QMad1eE,How WeWork's SHOCKING Mistake made it go BANKRUPT from 47 Billion dollars? : Business Documentary,2023-11-20T14:00:11Z,530843,18811,438,PT22M56S
_2-JIfqStOc,How Adani‚Äôs Genius strategy of Transhipment Port is making India powerful? : Business Case Study,2023-11-17T14:00:08Z,636604,28255,1480,PT14M16S
ocdFuuAaApE,What India needs to learn from Turkiye's economic crisis? : Economic case study,2023-11-08T14:46:11Z,947934,28028,1788,PT18M27S
J-V7wR4YPOw,This Secret B2b Company Makes 400 Crores Per Year By Helping Zomato And Uber: Business Case Study,2023-11-03T15:00:10Z,463517,16952,364,PT19M54S
zUGw-Sl8Fho,Best travel Credit card!! Go Niyo. #travel #Niyo #dubaitravel #bali #Niyoglobal #,2023-11-03T11:15:53Z,452739,15114,265,PT1M
0DlSRxEq0W4,Why is India going against MALDIVES? Secret to PM Modi‚Äôs Lakshwadeep Visit? : Case study,2023-10-31T13:30:14Z,647604,18009,883,PT12M23S
A8jyW_6hCGU,How Taylor Swift Became A Billionaire ? The Music Industry Business case study,2023-10-23T14:30:07Z,684460,33936,1631,PT17M31S
cT93a0ENcqg,How Israel-Palestine War could Shake the World Economy? : Geopolitical case study,2023-10-11T16:00:08Z,1591632,38474,2526,PT16M48S
7WcCeymKCq4,Can Nitin Gadkari fix the Highway crisis of India? : Economic Case study,2023-10-09T15:30:07Z,818298,22492,1823,PT15M53S
qJleik1x5k0,Karnataka vs Tamil Nadu : India's longest water dispute explained in 15 mins.,2023-10-06T14:30:11Z,690975,24584,1927,PT16M16S
ddBooxrxp10,Why is Canada's Fight with India a Big Money Problem? No One's Talking About This!,2023-09-29T11:30:10Z,822570,25296,1027,PT14M24S
GMGGQZ9vmb0,Can football save Saudi Arabia from an economic crisis? : Geopolitical Case Study,2023-09-23T13:06:12Z,906231,24590,1246,PT20M58S
XROJVbaU2qo,India‚Äôs Airforce and Army will be reinforced by this amazing tunnel in Kashmir! #geopolitics #india,2023-09-18T06:35:41Z,1325392,69319,515,PT1M1S
SfiD81EdbMs,Why is Indian Logistics failing against China? : Logistics case study,2023-09-17T13:00:08Z,1361111,49058,3745,PT15M50S
XYOZ4RzrHW0,Airtel will beat JIO? What no one is Telling you about the Jio vs Airtel vs Tata Telecom Wars!,2023-09-08T14:30:11Z,1576905,41947,2475,PT19M20S
2EDKXh9g85M,India's Solar Mission  #geopolitics #motivation #indianarmy,2023-09-03T07:17:47Z,1048426,58701,172,PT59S
1WYWwE4Axd8,Russia vs USA vs India : SPACE WARS,2023-08-25T15:15:10Z,740776,29151,733,PT15M24S
KYFdxuLFVyQ,Why is the Indian Economy bleeding talent? Socio-economic case study,2023-08-20T14:30:07Z,844057,32244,3391,PT20M27S
ApujieOR0bI,Thank you IIM Bangalore ‚ù§Ô∏è,2023-08-18T14:22:32Z,1964838,103439,583,PT42S
cftToIr9sAo,How EMIRATES is WINNING when Other AIRLINES are going BANKRUPT?,2023-08-15T12:45:11Z,1499472,38852,746,PT19M41S
qQPRWA9JNNQ,This SECRET Brand is KILLING Nike and Adidas in India? | Decathlon Business Case Study,2023-08-11T14:30:07Z,848543,29192,780,PT17M18S
ASKcuptRfyY,How to sell costly clothes by telling a Story?,2023-08-07T13:30:03Z,1716230,108385,256,PT1M
SCBH4gqZy8s,How Fogg (the deodorant) used a Simple Marketing Strategy to beat brand AXE?,2023-08-05T12:56:54Z,3608940,186708,656,PT54S
Vx4hyGpzVyI,How did INDIA Take Control of The DIAMOND INDUSTRY of the World? | Business Case Study,2023-08-04T14:35:07Z,647424,22405,951,PT20M55S
i7Dwe2qm__M,What's wrong with Indian Rupee? | Geopolitical case study,2023-08-01T15:30:11Z,925396,26310,1549,PT13M15S
GuGETeTpdM0,A big blow for India‚Äôs semiconductor industry!!! Share this! @ThinkSchool,2023-07-27T03:22:15Z,834105,36876,561,PT53S
yzDF_KX4Zjg,How Masters union is building a Harvard for India? : Business case study,2023-07-24T14:30:08Z,767041,25074,1316,PT22M59S
WRrO_waBdD0,A new twist in the Airtel vs Jio Saga!,2023-07-21T15:13:30Z,699289,35394,635,PT56S
uZm1au4W7tA,How did Dr Velumani turn Thyrocare into a 3000 crore company? : Thyrocare case study,2023-07-19T15:00:11Z,524362,15442,479,PT20M55S
31rAi_XvyNU,Ambani is WINNING this Industry SECRETLY!,2023-07-14T15:30:08Z,1121744,28239,1072,PT22M24S
n60GZmfFde8,This Indian Brand is ruling the Wine market of India? :Sula wines case study,2023-07-02T12:30:11Z,1139992,31873,650,PT15M58S
HAsBtOjGOYQ,Building a MILLION DOLLAR Global Brand from Madhya Pradesh: How?,2023-06-28T14:30:08Z,841044,30803,811,PT20M18S
fLXsf4SWdsI,The New GAME Changer technology for India: REVEALED!,2023-06-21T14:30:10Z,1444925,44018,1598,PT19M2S
fkgJFRHS26g,The SECRET Superpower of India they HIDE from you!,2023-06-17T14:30:12Z,2337289,52569,2601,PT20M13S
le_o1UklXUs,What's wrong with Chinese Economy?,2023-06-08T14:30:11Z,1049900,29514,1048,PT18M5S
qapDyBW_S-w,Economic CRISIS in America: Big Signal for India?,2023-06-02T14:30:10Z,1652272,40920,1985,PT20M17S
cjhlcIOgUy4,How Bangalore became the SILICON valley of Asia? | Business case study,2023-05-18T14:30:12Z,1094256,34156,2307,PT17M49S
hOX0YQXTc_E,Why Gofirst Bankruptcy is a GENIUS business strategy? | Business Case Study ‚Äã‚Å†,2023-05-13T14:00:09Z,896407,27498,808,PT17M28S
098cgN5PH0s,Has BJP Failed Karnataka? | Karnataka Model Case study,2023-05-07T15:00:07Z,1369136,44127,5438,PT20M11S
m0EMukYrJNA,Big Win for India over China! : Matarbari Port Bangladesh @ThinkSchool,2023-05-06T11:54:07Z,2501499,130818,1542,PT49S
tfIJd7hwIv0,Steve Jobs‚Äô Secret Design Strategy for Apple Stores EXPLAINED @ThinkSchool,2023-05-04T14:18:25Z,875118,39381,335,PT1M1S
417CAf5OQvQ,Why Apple Inc. chose INDIA over CHINA? @ThinkSchool,2023-04-28T11:47:35Z,10527807,518341,3549,PT59S
VzUmLAUPSQo,How AI will KILL Indian businesses? : Business case study,2023-04-27T15:00:10Z,1272701,39735,1865,PT19M25S
BlDYS_2X5wI,How Ratan TATA‚Äôs GENIUS strategy is turning TATA Tech into a LEGEND? : Tata technologies case study,2023-04-09T14:30:09Z,1085525,34636,767,PT17M26S
0PluOhrvB3A,How USA‚Äôs evil MONEY PRINTING strategy is killing the world economy?,2023-04-04T14:00:09Z,1839509,48774,2678,PT18M30S
kyCopA4K41w,How did Credit Suisse fail so fast? What can Indians learn from this Economic case study?,2023-03-27T13:30:08Z,620959,22599,861,PT19M29S
Vh8FaokLWus,How INDIAN SUPER CROP MILLETS can make Indian farmers RICH? : Millets ft @digvijaylifestyle,2023-03-22T12:30:08Z,614965,27565,1680,PT21M33S
wO7copUXogI,How did Silicon Valley Bank fail? : Business case study,2023-03-15T15:00:09Z,1026650,35709,1494,PT23M50S
YWara0eQsDk,How Putin‚Äôs Genius STRATEGY is making RUSSIA SUPER-POWERFUL? : Geopolitics Case study,2023-03-09T14:30:08Z,1723135,45023,2791,PT19M27S
7TcG9cPj2gA,How Paytm is secretly KILLING Phonepe and Bharatpe? : Detailed Business CaseStudy,2023-03-05T15:00:09Z,1078142,35170,1525,PT20M7S
EZkZe-BuXf8,How Lithium Ore discovery in J&K will be a game changer for India? : Can India Replace China?,2023-02-24T14:00:10Z,1123241,40166,1363,PT15M57S
WD2nz_IKyJM,How India fooled America and Pakistan to become a NUCLEAR POWER? : Geopolitical case study,2023-02-21T14:30:11Z,3270507,77726,3611,PT21M8S
KDsGPYETAd4,How Sikkim‚Äôs GENIUS strategy turned it into the fastest growing state in India?: Case Study,2023-02-19T14:00:09Z,984414,40383,2185,PT20M15S
2nIRHB3FtOc,How Vajpayee‚Äôs MASTERSTROKE saved the Indian economy? : National Pension Scheme case study,2023-02-16T14:00:08Z,957881,37163,3903,PT15M21S
IIv7SNc3Ass,What's happening in North East India?,2023-02-14T12:30:10Z,1237164,44773,2292,PT15M47S
iw5AdKOM-IU,Budget 2023 EXPLAINED in 20 mins in SIMPLE WORDS : Economic case study,2023-02-08T15:00:10Z,929428,42098,1569,PT25M56S
4WSAeT_XDaI,Hindenburg has Killed Adani Group?: Decoding Adani‚Äôs response to Hindenburg (Business case study),2023-02-04T15:00:11Z,2142339,73802,6250,PT27M40S
wO28dHUQusU,How Adani's Genius strategy made him the KING of Indian ports market? : Business case study,2023-01-30T14:00:10Z,728288,31813,2186,PT12M22S
laeodkCLGaI,How Saudi Arabia is HIDING its own Downfall? :Geopolitics Case Study,2023-01-28T14:30:07Z,2783868,54612,3845,PT19M3S
HC5-z8kNC4c,How to Sell Anything in India? Cycle Pure Agarbatti Detailed Business Case Study,2023-01-24T12:48:46Z,684238,30273,766,PT20M4S
r7JPdtYx4sg,Why RBI and Modi govt are failing to control inflation? : Indian Economics Case study,2023-01-19T14:30:10Z,735064,35603,1981,PT17M40S
JvNUTGivuxg,Why Taliban is Capturing Pakistan? What it means for India? : Geopolitics Case Study,2023-01-12T14:00:08Z,1488451,54477,3502,PT22M27S
QRGO9wvNPQc,How Nykaa‚Äôs Genius Financial Strategy Backfired? : Nykaa Business case study,2023-01-07T14:30:09Z,1992989,49361,1561,PT19M48S
Ko3K8Duq4Eo,The Oil war between Russia vs USA and Europe Explained | How will it change India? : Geopolitics,2023-01-03T14:00:08Z,1820812,64301,2746,PT17M21S
bpjKmJnRPV8,How Tamil Nadu's Socio-Economic Model Made it the 2nd Richest State in INDIA (GDP) : Case study,2022-12-25T14:30:11Z,1882221,57690,8030,PT20M41S
PPsqTl5o3VQ,Pakistan Civil War: Will this mark the END of Pakistan? : Geopolitical Case Study,2022-12-23T14:45:09Z,1636258,57694,5377,PT20M57S
OKQDst5GUc0,The Death of BNPL (Buy Now Pay Later) Startups? : Multipl Business Case Study,2022-12-16T13:30:11Z,621275,24547,1182,PT14M5S
7UdCt_Rsevk,How did China go from POVERTY to becoming a GLOBAL SUPERPOWER? : China Growth case study,2022-12-09T14:35:10Z,1325616,40687,6034,PT16M53S
zawAVCpQNgg,BJP's Governance Analysis of Gujarat : Gujarat model case study,2022-12-02T14:30:06Z,1164241,50039,6105,PT22M4S
ynVikeFUvW8,How Qatar is using secret strategy to rise in POWER : Qatar World cup Case study,2022-12-01T13:30:10Z,1222196,36132,3254,PT18M41S
rfZ7u-ecfEg,How Saudi Arabia Joining BRICS can shift the world power? : USA vs Saudi Arabia Explained.,2022-11-25T14:45:08Z,3109461,67355,3833,PT16M40S
ycLO5Oa5ZI8,Why Telecom Draft Bill 2022 is a disaster in the making? : Telecom draft bill 2022 Case study,2022-11-18T14:30:07Z,668712,30133,2456,PT12M9S
1qEZwj_Iacw,What is India's SECRET strategy to build the BEST HEALTHCARE network in the world ? : UHI Case study,2022-11-16T14:00:10Z,728885,31666,2408,PT14M58S
3Oo9tEo6F6g,America's EVIL Masterplan!,2022-11-12T14:30:08Z,1093213,37191,2496,PT17M30S
07yMvq5WxAs,Can RBI's Digital Rupee Initiative help INDIA beat the USA‚Äôs SWIFT Network Dominance?,2022-11-05T14:00:10Z,1183621,37692,1633,PT17M35S
GzXurOLwXMY,How USA's evil strategy KILLED Japan's economy? : Japan's economic crisis EXPLAINED in simple words,2022-11-01T14:30:09Z,1122542,37793,1951,PT18M16S
mDRom6ahzsA,How Germany's SUBSIDY WAR is BREAKING the European Union and helping Russia? : Economic case study,2022-10-29T14:30:08Z,2356612,56310,3974,PT15M32S
ALmSPw2EKjg,How Yogi Adityanath's STRATEGY is turning Uttar Pradesh into a Mega Export Hub? :Business Case study,2022-10-25T14:30:07Z,1775544,82539,6239,PT16M29S
py0cfqlhTp8,How GATI SHAKTI MASTERPLAN will help India SNATCH factories from China? : Logistics Infra case study,2022-10-22T14:30:07Z,1096615,38328,1606,PT15M16S
akZ2R4RDDpY,How GST has CHANGED/ MESSED UP the Indian Economy?: Economic Case Study,2022-10-19T13:30:10Z,569773,24267,966,PT16M50S
aGVtLubW9q0,How Saudi Arabia & Russia are crushing the US and UK economies? : Saudi Arabia vs USA,2022-10-14T14:30:18Z,5127036,96208,7494,PT17M37S
7lqGQ17A2c4,How Adani Vs Reliance Vs Airtel's 5G Race shape the future of India? : 5G Business case study,2022-10-11T14:30:10Z,579802,28905,1190,PT17M19S
cXFn7FBgktA,Why is Europe facing a BANKING CRISIS like 2008? : Credit Suisse Crisis Business case study,2022-10-07T14:30:11Z,1587998,58182,1975,PT15M31S
OqKu8Lxnzro,How UK committed Suicide with its Economy?: UK economic crisis Explained in simple words,2022-10-04T14:30:10Z,4039277,94636,7812,PT18M34S
HofmLFn6MTo,How US Recession will Shake the INDIAN ECONOMY? : Economic case study,2022-10-01T14:30:11Z,1724296,58000,1677,PT17M48S
ec9Nwka9kBg,How did Israel become SUPER POWERFUL & What India needs to learn from it? : Geopolitical Case study,2022-09-27T14:30:11Z,1807454,76564,3987,PT18M21S
M9bhCVqGaOI,How NATIONAL LOGISTICS POLICY will be a GAME CHANGER for Indian Economy? : Business case study,2022-09-23T14:30:13Z,2151528,76526,2741,PT17M45S
tTlwfnZAdQk,Why is China taking over Indian BORDERS and what is INDIA doing? : Geopolitical case study,2022-09-16T15:00:11Z,1755368,58381,3312,PT16M34S
r7x_Xa0b5nk,How RAPIDO is secretly STEALING OLA and UBER's profits to break the duopoly? : Business Case study,2022-09-13T14:30:10Z,727193,26429,703,PT13M51S
ST53gYEX_nY,What Schools don‚Äôt teach you about Chhatrapati Shivaji Maharaj? : Case study,2022-09-10T12:30:10Z,823717,41955,2771,PT14M23S
asntNnmjyDI,How America's Strategy built the GREATEST ARMY mankind has ever seen? : Geopolitical case study,2022-09-02T14:30:12Z,1749433,42511,3859,PT13M25S
t8FunWBwmqg,How Russia-China's ECONOMIC STRATEGY is CRUSHING the DOLLAR? : CURRENCY WARS Case study Ep 2,2022-08-30T14:00:13Z,3505417,81478,4957,PT16M44S
OO_t9KhVg0U,How China‚Äôs SPY SHIP STRATEGY  is Killing India‚Äôs Security? : Geopolitics Casestudy,2022-08-27T13:00:16Z,650667,26673,1335,PT12M35S
hrcuXm9H5VI,How TALIBAN's WAR STRATEGY defeated the US Army in Afghanistan? : Geopolitical case study,2022-08-24T14:30:14Z,704557,36133,1870,PT19M2S
-dQwiYE51sU,Why INDIA is scared about ISRAEL-PALESTINE conflict? : ISRAEL-PALESTINE EXPLAINED,2022-08-19T14:30:10Z,2698085,63174,3501,PT17M23S
22NDH6OTCpU,DECODING China's WAR STRATEGY to invade Taiwan against USA & Japanese Army?: Geopolitical Case study,2022-08-16T14:30:13Z,853686,34258,1828,PT14M32S
Rp5QLemo6E8,What Schools DONT teach you about HOW Sardar Patel Unified Kashmir & Hyderabad? : Case study,2022-08-13T12:30:11Z,1034178,54257,2454,PT15M15S
-MB6FdKyJmg,How Zepto/Dunzo's BUSINESS STRATEGY is CRUSHING Dmart and Reliance? : Retail Business War EXPLAINED,2022-08-09T14:00:09Z,908218,30641,987,PT14M37S
cW6_C7mqQYY,How America's STRATEGY made US DOLLAR the MOST POWERFUL CURRENCY in the WORLD? : Case study,2022-08-05T14:30:11Z,1070968,43550,1708,PT16M53S
tgFEFEOisAI,Why US-China are preparing for WAR over Taiwan? : Geopolitical Case study (Recap Episode),2022-08-02T14:00:11Z,1288697,52332,2504,PT13M26S
IBbz8sjVz6I,How Putin's WAR STRATEGY is KILLING Europe and US? : War Strategy Case study ( Russia vs Europe),2022-07-29T14:00:16Z,2960700,100660,7802,PT15M15S
FxiZRYJTEo0,What India needs to learn from the Chinese Economic Crisis? : Chinese Evergrande Crisis,2022-07-26T14:30:11Z,1826015,66303,2582,PT14M56S
RJRYLrkvOyA,How ADANI's Genius/RISKY DEBT STRATEGY fuelled the SUPERFAST expansion of ADANI Group? : Case study,2022-07-23T12:30:11Z,1456447,46042,2521,PT13M15S
WP0X1R_z7yI,How Ratan TATA's GENIUS STRATEGY is racing it past Hyundai & Suzuki in India? : Business Case study,2022-07-19T14:30:13Z,1390921,45694,1393,PT13M34S
icjoSeNEOx0,How RBI's STRATEGY will KILL the US DOLLAR dominance in the world economy? : Rupee Vs Dollar War,2022-07-15T14:30:11Z,3569087,117071,5671,PT13M49S
yPo7mq27jEg,RBI DETAILED State Report Explained in Detail: Are Indian states going BANKRUPT like SRI LANKA?,2022-07-12T14:30:11Z,1372104,55886,4556,PT16M32S
k-51exmR9R4,Why are Indian Startups Failing Miserably? : Business lessons from Indian start up Crash EXPLAINED,2022-07-08T14:30:09Z,1344129,47526,1908,PT16M11S
LwnApD9YXNY,Why BUY NOW PAY LATER Cards are facing the heat from the Regulators? : DARK side of BNPL,2022-07-05T14:30:11Z,1150678,35903,1672,PT12M56S
9SmS3qLe00k,How JAPAN's SECRET STRATEGY made it SUPER RICH even after USA's Nuclear Attack? | Lessons for India,2022-07-01T14:30:14Z,943587,39933,2377,PT16M28S
LYs4b3fTX7Y,Why is OLA's BUSINESS MODEL Failing MISERABLY in India? : Business case study,2022-06-26T12:30:11Z,1912271,47840,2537,PT13M22S
LJGb2qCNyzM,How AGNIPATH will Change the FORTUNES of Indian Armed Forces? : AGNIPATH SCHEME Explained,2022-06-23T14:30:12Z,872149,52023,4417,PT13M17S
BIn1AzZsQUU,How USA uses the EVIL WAR strategy to Manipulate the World? : US War Business strategy exposed,2022-06-21T14:30:10Z,2351369,98149,9991,PT16M30S
sZmNdXZjKgs,How UPI's Bold Business STRATEGY will KILL VISA and MASTERCARD? : UPI CREDIT LINKING EXPLAINED,2022-06-17T14:30:10Z,1024386,42969,1366,PT14M31S
kotO3sUv-xo,How Ratan TATA's brilliant business STRATEGY made it the KING of Indian AC market? : Case study,2022-06-14T14:30:15Z,800425,35049,1626,PT15M42S
VPFGqmFTKSM,Why are GIANT Edtech companies FAILING in India? : Edtech Crash Case study,2022-06-10T14:30:12Z,1929766,62093,3249,PT17M36S
MSncugJvSa4,ADANI's Genius BUSINESS STRATEGY to become CEMENT KING of India? : Adani Ambuja Business Case Study,2022-06-07T14:30:09Z,1820173,51060,1639,PT15M6S
FPj5gTT4j_A,EXPLAINED: How fall of a currency value affects a country? : Using Case study of China and Nigeria,2022-06-03T14:30:12Z,1048211,38230,1674,PT15M6S
PZEQnCaGxgw,How Andaman and Nicobar's Military STRATEGY is making India UNBEATABLE? : Geopolitics Case study,2022-05-31T14:30:13Z,2445655,81138,2822,PT13M47S
t_qNc56FwsU,How Bangladesh's Secret STRATEGY made it RICH? : Business Case Study,2022-05-27T14:30:11Z,1288587,24945,2727,PT14M38S
sBBMRBVvVis,Will ONDC KILL Zomato & Swiggy? : Business case study,2022-05-24T14:30:14Z,2463316,74606,2709,PT16M1S
BiO2WRPBzSA,Why is India facing a power crisis despite having the 5th largest Coal reserves in the World?,2022-05-21T14:30:13Z,517567,24693,1587,PT11M51S
h7xd2PqtglQ,How Adani got RICH after Palm Oil crisis ? : Edible Oil crisis Case study,2022-05-18T14:30:12Z,1194309,38472,1463,PT14M9S
I7vz7Ym82_4,How India is TRAPPING China with its Military STRATEGY? Geopolitics EXPLAINED,2022-05-15T14:30:14Z,14586105,317348,23122,PT15M19S
_VdKPmtzuqs,How BANGLADESH became a SUPER FAST growing Asian Economy? : Bangladesh Growth case study,2022-05-10T14:30:10Z,586228,22765,3465,PT17M19S
UE-Y6W4p8k4,How American Ultra Rich saved Tax worth 1 Trillion dollars? : Business Case Study,2022-05-03T14:30:10Z,335964,13547,597,PT10M13S
Rh30CfP7ncA,Why NITIN GADKARI is pushing GREEN HYDROGEN for Indian Industries : Policy Case Study,2022-04-29T14:30:11Z,2596638,70420,2602,PT17M1S
8352JG8CCoE,How China is TRAPPING INDIA using Pakistan & Sri Lanka? :Geopolitics Case study (China's Trade plan),2022-04-27T14:30:32Z,1428424,53498,3336,PT15M19S
Wlgk8XXHWuA,Was BSNL KILLED by the Powerful people of India? : BSNL Tragedy Case Study,2022-04-23T14:30:11Z,935629,31171,3332,PT17M46S
SGpTBKbGcQ8,How PAKISTAN Destroyed its Economy?Pakistan's Economic Crisis case study,2022-04-19T14:30:13Z,1488481,52152,5340,PT18M4S
urLoa8PkQpU,How Tanishq HACKED the GOLD Market of India : Titan & Tanishq (A TATA Product)  Business Case Study,2022-04-15T14:30:13Z,1261698,28681,1126,PT15M9S
H3Z7bFXfMAU,How China SECRETLY Killed Sri Lanka ? : Understanding China's Master plan Ep 1/3 Case Study,2022-04-12T14:30:10Z,585555,27403,2966,PT16M33S
eLT1To94V-Q,Ratan TATA vs Reliance: How TATA NEU App's BUSINESS MODEL will change the game for TATAS?,2022-04-08T13:30:13Z,622031,25774,850,PT13M32S
kXvwHAeWYqs,Dream 11 : Exposed | Business Case Study,2022-04-05T13:45:14Z,302461,15396,673,PT11M49S
iLY_5DMndWY,How did IPL's GENIUS Business Model make it a MONEY MACHINE FOR India? : IPL Business case study,2022-04-01T14:00:12Z,1097763,28773,636,PT12M9S
JkIxbnhMrTw,How did the INTERNET MAFIA kill Mozilla? : Business case study Mozilla vs Microsoft/Google,2022-03-29T14:00:11Z,515153,20033,1041,PT16M7S
WKdrVVv70dk,How did Ratan TATA build TITAN into a $31 Billion company? : Titan Watches Case Study,2022-03-25T14:00:12Z,855508,27497,1004,PT15M34S
WWpSZY1RAAM,"How HAVELLS BUSINESS strategy made it a GOLDMINE stock with 70,000% returns : Case Study?",2022-03-22T14:00:12Z,500331,16075,444,PT13M59S
iQRe7OHtHXg,"How did scammers game the LARGEST STOCK EXCHANGE in India to make 50,000cr? : NSE Scam Explained",2022-03-18T14:30:11Z,773319,30139,812,PT13M16S
WnfqgKTz3fk,Why is the USA manipulating India & the World about Russia-Ukraine war? : Geopolitical Case Study,2022-03-11T14:00:14Z,806525,48484,3731,PT15M10S
-DE7KXOK_qU,How did a Woman born in India become the CEO of PEPSICO & transformed it? : Women's Day Case Study,2022-03-08T14:00:13Z,325522,13244,329,PT12M54S
dVtnSPZn6BU,How LIC's Agents Changed India FOREVER turning it into a 22 Lakh Crore Company ? : LIC Case Study,2022-03-04T14:00:12Z,403107,14576,587,PT15M25S
3rHfD9IB-24,Think School's Youtube STRATEGY to go from 0 to 1 Million subscribers | Think School Case Study,2022-03-01T14:00:10Z,431907,22311,1351,PT19M21S
vgV9HNuUxKY,How ABG Shipyard pulled off the BIGGEST Banking Fraud in Indian History? : Business Case Study,2022-02-25T11:14:40Z,912826,23940,841,PT14M15S
B_AY4a3_-GQ,How India's MASTERSTROKE with Rupay is killing VISA and is changing India? : Business Case Study,2022-02-22T14:00:11Z,2197979,62777,3439,PT15M3S
cbTEAeteaI8,"How Pidilite's STRATEGY made it a GOLDMINE stock giving 14,000% returns? : Business Case Study",2022-02-18T14:30:11Z,508121,17049,402,PT13M10S
jRRpGLy0TBg,How Mankind's GENIUS STRATEGY turned Preganews into a Market Leader?: Business Case study,2022-02-16T14:00:09Z,223827,9406,287,PT12M50S
Paux1v1E2pY,How Wint Wealth is dominating the Bond Market? : Detailed Case Study,2022-02-08T14:30:12Z,507310,23450,702,PT16M9S
j7vhuQ_GzvQ,How Ashneer Grover's GENIUS STRATEGY turned Bharatpe into a $2.8 Billion company?,2022-02-04T14:00:12Z,1107127,39901,1368,PT14M32S
5LGvQaYB67I,How HDFC's Genius strategies KILLED the Banking Monopolies in India? : Business Case study,2022-02-01T14:00:11Z,2557528,48970,1199,PT13M17S
31UVvKEYO6k,How Aman Gupta's MARKETING STRATEGY turned Boat into a 1500CR Company : Business case study,2022-01-28T14:00:09Z,1779532,61265,2141,PT15M20S
Wf6X-50OQdE,Netaji Subash Chandra Bose: What Schools don't teach you about India's Real Hero!,2022-01-21T14:00:13Z,1355126,92070,5087,PT12M41S
t-VpFrqd0W0,How METAVERSE will CHANGE your LIFE? : Business Case Study + a Special Clip Attached,2022-01-18T14:00:13Z,687187,23603,1088,PT15M56S
C2tjnJOy7Hw,How iPhone is Killing Apple? What is Tim Cook's STRATEGY to fix it? : Business case study,2022-01-14T14:30:15Z,964217,28672,775,PT11M50S
M9L72ssQAmU,"How JOCKEY's STRATEGY made it a MULTIBAGGER with 14,000% returns? | Page Industries Case Study",2022-01-11T14:00:12Z,518216,21978,524,PT13M10S
cQotN8sAhSM,Indian Government's MASTERPLAN to take control of the SEMICONDUCTOR CRISIS by beating China,2022-01-04T14:00:13Z,1743850,46016,1903,PT12M26S
upoKb50FiC4,Mensa's GENIUS E-Commerce strategy that made it the fastest unicorn in Indian BUSINESS HISTORY,2021-12-31T11:30:12Z,830536,26747,650,PT14M9S
vkrBQCQLQG0,"How Gaming became a $180,000,000,000 Industry? | Evolution of Gaming Part 1: Esports Case Study",2021-12-24T14:00:14Z,311753,15823,591,PT14M46S
7QOLDRY_Uk4,How INDIGO AIRLINES became a MONOPOLY in Indian Aviation business | Monopoly series EP 3,2021-12-21T15:00:09Z,1264978,30190,718,PT18M44S
tI9fRLNmNkY,How DELL KILLED the IBM MONOPOLY? : Dell vs IBM Case Study,2021-12-18T12:30:13Z,620485,19974,439,PT16M54S
X-CLMLrHcqU,How India is fighting China in the Solar wars : Geopolitics Case Study,2021-12-14T14:00:14Z,435766,17326,727,PT13M57S
r5OCFaXqS5I,How MAGGI's GENIUS Marketing Strategy made it a Market Leader?: Nestle Business Case Study,2021-12-10T14:00:11Z,972611,32217,838,PT15M3S
jGT6ob8hV6M,How Asian Paints Built MONOPOLY in the Indian market? : Indian Monopolies EP 1,2021-12-07T15:15:13Z,673664,25798,740,PT19M19S
yxC9kgS8lnQ,The GREAT INDIAN SPORTS WAR : Puma vs Adidas vs Nike,2021-12-03T14:30:14Z,869824,28990,906,PT14M18S
K-ZPmQZn9eY,The Future of Insurance in INDIA : Shared value model (Using business case studies),2021-11-30T14:00:11Z,228350,11269,315,PT13M51S
8tBuAM0XHmY,How KERALA's MARKETING STRATEGY changed Indian Tourism FOREVER? : Tourism Case Study,2021-11-26T14:00:12Z,462240,18548,1657,PT15M47S
-NtB3rf8paE,Zomato‚Äôs SECRET Plan to Become Profitable: Zomato Hyperpure Business Case Study,2021-11-19T14:15:13Z,298896,12041,540,PT12M33S
pZNDUy3DuC4,Jio Mart can KILL Dmart? : The most EPIC Retail War of India (Business Case study),2021-11-16T14:00:12Z,574065,20473,1109,PT13M32S
tDfWwZlJE7Y,Apple is trying to KILL Facebook? : Trillion Dollar Tech war (Business case study),2021-11-12T14:00:11Z,324654,16700,619,PT12M3S
SGIKsejp7-0,How to KILL a MONOPOLY? : The fall of Gillette (Business STRATEGY Case Study),2021-11-09T14:00:13Z,592473,26372,774,PT12M43S
K7uvd1Muc80,This BUSINESS STRATEGY turned Wow Momo into a 1000Cr company? : Business strategy case study,2021-11-05T15:30:10Z,629212,24582,957,PT13M15S
TCboTQr8Ecg,How did Nykaa BEAT Amazon & Flipkart in e-Commerce War?  : Business case study,2021-11-02T14:00:13Z,635887,22890,816,PT15M24S
er752AxyziE,How TATA STEEL became the GREATEST Company in INDIAN History? | Business Case Study  Ep2 Tata Series,2021-10-29T15:30:11Z,592052,23138,580,PT13M59S
glHQPkrcf8A,IKEA :How to grow sales by 200% using Pricing STRATEGIES?: Business Case Study,2021-10-26T15:30:12Z,842242,25990,685,PT13M49S
6DEOW9ZQ2BI,NIKE's Unusual Business Strategy to to Market itself & make Billions? (Business STRATEGY Case Study),2021-10-19T15:30:11Z,296151,14161,523,PT12M36S
DzZCVqrtXYw,How ITC's Business STRATEGY revolutionised Indian Agriculture? : Business case study,2021-10-15T15:30:12Z,936717,33335,1491,PT14M34S
3KkHTHZckEY,Why is Mukesh Ambani's Reliance Partnering with 7-Eleven Store chain? : Business strategy case study,2021-10-12T15:30:12Z,519034,21123,817,PT14M49S
Z7P-t_yc8gE,"The Origin story of Haldiram : an 80,000cr  business empire? : Business case study",2021-10-09T12:30:13Z,1171474,35129,1025,PT15M12S
I9p5K2Ke2MA,How Microsoft KILLS its Competition Silently?: Business Strategy Case Study,2021-10-05T15:30:12Z,848405,32531,1197,PT13M11S
B5txS_lC1yY,How Dmart's BUSINESS STRATEGY made Radhakishan Damani the Retail King of India?: Business Case study,2021-10-01T15:30:14Z,1295866,34790,866,PT13M44S
OEB_UviHDq0,Jamshedji  TATA : STRATEGY of the GREATEST BUSINESS TYCOON of India,2021-09-28T15:30:13Z,1183053,39436,1011,PT14M13S
8mef_bxijJk,Henry Ford's Business STRATEGY made FORD a billion dollar company : Business Case study,2021-09-21T15:30:13Z,289133,14982,591,PT13M49S
0wVAPXswE6E,How did Toyota beat FORD & GM using its GENIUS Supply Chain Model?,2021-09-17T15:30:01Z,542787,23032,836,PT13M51S
-IjjEp8V7dI,Google's $1 TRILLION Business STRATEGY that made it Successful: Business Case Study,2021-09-14T15:30:14Z,395641,17860,598,PT13M46S
6Yh1f2nat9o,Burger King's Secret STRATEGY to compete with McDonald's: Burger Wars Ep 1,2021-09-10T15:30:12Z,297740,16838,658,PT12M7S
-d7f71CFACo,How Reliance is planning to KILL Amazon in INDIA? : The BIGGEST BUSINESS WAR IN INDIAN HISTORY,2021-09-07T15:30:13Z,1601767,52591,3487,PT15M33S
PMj4uZvpSvE,How this BUSINESS STRATEGY made Azim Premji a BILLIONAIRE? : Wipro Case Study,2021-09-04T14:30:12Z,264867,14460,687,PT11M14S
ebxaYgw8Nfw,How to run an Airline business profitably for 47 years & counting: Southwest Airlines CaseStudy,2021-08-31T15:30:13Z,230493,15438,779,PT15M41S
ON-vFJbq1Vc,Decoding ZARA's Billion Dollar Business STRATEGY : Fashion Business Case Study,2021-08-27T15:30:23Z,1807215,64460,2401,PT14M41S
l2BR48V5UFg,How Flipkart is beating Amazon using its Business STRATEGY ? : Indian Retail Wars Episode 1,2021-08-24T15:30:12Z,708485,36465,1762,PT13M29S
RoD3kThcl6U,Decoding BIG Bull's Business STRATEGY to enter Indian Aviation Market : Akasa Airlines Case study,2021-08-20T16:00:10Z,1246621,43092,1647,PT12M23S
yhpVAki47RI,How Airtel is Beating Jio? : Business Strategy case study,2021-08-13T15:30:10Z,2305728,86312,4824,PT15M52S
ERN8MZl-2pw,Complete Business Analysis of Electric Mobility Sector using the 3 Lenses of Innovation,2021-08-10T15:30:10Z,425772,20604,1145,PT16M12S
nnwqtZiYMxQ,"How Amul beat its competition & made 39,200 Cr during Lockdown? : Business case study",2021-08-03T15:30:12Z,1429361,60217,1728,PT12M58S
BxDmbGFABJw,What made Walmart the most powerful business Empire worth $559 Billion ? : Business case study,2021-07-30T15:30:10Z,584459,28456,788,PT13M41S
YvA5RFhmLNA,How Airbnb used Recession to become a 131 Billion Dollar Company?,2021-07-27T15:30:12Z,329533,15495,477,PT14M
NM-WadrQqWE,How to end poverty in India : Cardano Case study from Ethiopia,2021-07-23T15:30:11Z,523871,24188,1709,PT14M33S
HFzSK32G4OU,Business War: Spotify vs Apple Music vs YouTube Music,2021-07-20T15:30:14Z,338034,18563,896,PT15M12S
5JKTbU6RnA0,How India can Become Rich by Adopting the Ireland Education Model?,2021-07-16T15:30:12Z,744734,30159,1707,PT11M46S
-_jOwk6GsXo,How to pick the next Stock Market GOLDMINE? (includes Green Energy Case Study),2021-07-13T16:00:12Z,395473,21073,795,PT14M30S
fTuVWwTQegQ,How could Zomato become Profitable? : Understanding the future of Foodtech in India,2021-07-09T15:30:11Z,1146711,53522,3545,PT18M
lSF--3zgjKQ,How to use FEAR to boost your sales? (Ethically),2021-07-06T15:30:09Z,209392,12693,688,PT11M29S
KNblG_-QOL0,What India can Learn from Singapore? (Part 2),2021-07-02T15:30:14Z,594958,37526,2622,PT15M37S
XZxQtzUi6d8,The Story Rebuilding of Singapore: Part 1,2021-06-29T15:30:14Z,583777,29022,1166,PT10M30S
aEDjZvB3UZM,How India can change forever using Ethereum (Smart contracts)?,2021-06-25T15:30:11Z,324357,23884,1279,PT12M34S
p2RCPyv95SE,How did Facebook become a $850 billion company?,2021-06-22T15:30:12Z,237576,14717,630,PT12M16S
hHGlDhJkDKI,Walmart vs Small Local Vendors: American Express Casestudy,2021-06-15T15:30:13Z,137533,10646,532,PT8M53S
YCngR6uSEVo,How to build Brand loyalty like Volvo?,2021-06-11T15:30:13Z,348023,18469,900,PT8M43S
bUFVJKwZYP4,Will Netflix survive the competition? Business Case Study,2021-06-08T15:30:11Z,848855,35980,1592,PT15M32S
fxjFr54LLOw,How did Domino's Pizza become so successful? Business Case Study,2021-06-04T15:30:12Z,822999,24312,571,PT8M53S
wAHSJgIx5wA,How did Johnnie Walker keep walking for more than 200 years? : Marketing Case Study,2021-06-01T15:30:10Z,424302,18188,606,PT10M9S
Lb55kGWCZy0,How to Pitch your IDEA using a Powerful Sales Technique?,2021-05-28T15:45:10Z,213873,12721,398,PT8M28S
jp_CSPtSQWY,How did India's MTR Foods overcome all the economic downturns in the past 97 years &make 1000Crores?,2021-05-25T15:30:54Z,327551,15894,619,PT9M12S
ztr7weugMR8,Japan's Innovative Marketing Campaign is saving it from an economic crisis?,2021-05-21T15:30:16Z,370365,25819,1006,PT8M22S
EdpoEmifW7M,How 7 Mumbai-based women Entrepreneurs made a 1600 Cr empire from 80Rs | Lijjat Papad Case Study,2021-05-18T15:30:15Z,1095994,53373,1562,PT11M16S
X2f9IiflXaQ,"Content Marketing Lessons from Red Bull, FORD and Garyvee's book Crush it!",2021-05-14T15:30:17Z,271767,16623,579,PT9M26S
A1k62pSQ7so,This simple idea changed FMCG Market forever | CHIK Shampoo Case Study,2021-05-11T15:30:16Z,473484,27227,1244,PT8M28S
GTv4ixuAU3k,How to Learn to Speak in English Fluently for FREE in the most practical way possible? Think School,2021-05-04T15:30:16Z,740232,45727,1271,PT9M39S
fnO6UfeplxE,"How to Handle Criticism, Hate and Disrespect?",2021-04-30T15:30:17Z,418711,30516,1212,PT9M4S
YRYLPeWCOP0,Gillette's Billion Dollar Business Strategy that kept it relevant for 120 years,2021-04-27T15:30:08Z,737977,44829,1360,PT7M58S
h9dlG5WfDfI,Why should I hire you? Complete framework to answer this question,2021-04-23T15:30:09Z,153080,12399,529,PT8M8S
xOeGbJ2bYL0,How is Zoho's Sridhar Vembu transforming Indian village economy by providing education & jobs?,2021-04-20T15:30:16Z,500261,37949,1320,PT6M28S
N1Ak5RSAFww,How to Introduce yourself in an Interview without being nervous? (Most effective technique),2021-04-16T15:30:17Z,444340,30559,479,PT5M57S
EUcVBDtJo5M,CRED's Genius Business Model EXPLAINED,2021-04-13T15:30:02Z,1951030,94146,3754,PT10M5S
TqZRgHOlKmU,STOP making these 3 Interview Mistakes! (90% Candidates get rejected because of this),2021-04-09T15:31:08Z,76837,6040,204,PT9M19S
n1wsInQGX4c,Skyrocket your productivity using this simple Step-by-step guide to focus!,2021-04-02T15:38:50Z,376234,29428,835,PT7M53S
6-tS7-IhCbI,The Genius Marketing Strategy of Marlboro Cigarettes | Business Marketing Case study,2021-03-30T15:31:04Z,4423433,164848,4491,PT7M58S
k--beE42aDs,How to Read effectively like a CEO? (NOT Speed Reading),2021-03-26T16:12:50Z,1264461,73272,2068,PT14M36S
LNmhEp0kj5Q,IKEA Business Case Study: How to Earn 40 Billion$ Every Year by Selling Furniture? (IKEA Effect),2021-03-24T16:21:27Z,841683,45863,1574,PT11M50S
t8v1aWCZYTE,How to earn money as a Freelancer in 2021 : A step-by-step Guide,2021-03-19T14:30:17Z,444160,26558,660,PT12M6S
vguLPoLiFNg,Zerodha Case Study: Bootstrapped to Billion dollar valuation startup without advertisements!,2021-03-13T11:47:00Z,710925,30593,920,PT9M2S
pK887oMqxRY,How to get a game-changing startup idea? | The Art of Innovation,2021-01-18T03:30:02Z,259324,15444,493,PT10M34S
IxIi1xTx8zc,Zuckerberg is watching? How to safeguard your data from Facebook?,2021-01-13T04:00:25Z,23395,1966,166,PT9M5S
5vMbXNjgSjw,3 Self Help Books that changed my Life | My Book Recommendations,2021-01-10T03:00:04Z,341010,18136,381,PT6M41S
o-gGiyY9s9w,How does Facebook kill its competition? Explained with examples,2021-01-09T04:30:04Z,295942,16241,597,PT11M19S
Qob_63A3Wzw,How to set Goals and work consistently towards it?,2021-01-03T07:11:02Z,199737,12443,267,PT8M34S
8rulgRgwHYc,How is India's STRATEGY attracting Industries from China : Production incentive program explained,2020-12-25T15:11:18Z,172216,8767,469,PT9M51S
J3oIuKfx4SE,How much motivation is good for you? (How not to overdo it and get shit done),2020-12-15T12:30:15Z,64756,4363,162,PT4M21S
JqSeQ3c4_qI,The story of the Spice King of India from a Tonga driver to a Millionaire,2020-12-05T13:49:37Z,314179,11164,337,PT10M8S
ODBJz87boBQ,Dhirubhai Ambani vs Bear Cartel | Stock Market Concepts EXPLAINED,2020-11-18T13:15:26Z,702003,30728,961,PT12M56S
wzsYAuxhxSw,The smoothest Sales Pitch you will ever come accross: Amway Case Study,2020-11-05T16:35:56Z,476838,19036,550,PT6M11S
rN0HrbDDmZ8,What Steve Jobs learnt from Nike's marketing campaign that beat it's rival Adidas,2020-10-24T15:43:51Z,1482492,62724,2096,PT12M20S
UL9dWIy2WZs,How Coca-Cola sold sugared water for over 100 years? | Marketing Casestudy,2020-10-11T14:07:49Z,430644,17838,832,PT8M54S
76w6GQ1vs1Y,What are the FARM BILLS & Why are farmers protesting? (History & Concepts Explained),2020-10-04T09:49:52Z,560931,22033,1999,PT32M39S
WCJQ2PhzEOM,This is how Jeff Bezos' Amazon beat their competition legitimately,2020-09-30T07:48:08Z,239374,13421,733,PT11M53S
3t6Ikn6mkH0,The Secret Business lessons from Amazon's Jeff Bezos,2020-09-23T07:54:09Z,344010,9144,276,PT9M48S
6GWm2OyekXY,Don't Hustle!  DO THIS instead!,2020-09-16T14:10:51Z,83693,5500,260,PT3M29S
ULhoofZmZmg,How China's most successful businessman Jack Ma's Alibaba beat the US giant eBay?,2020-09-05T03:45:12Z,293826,13581,600,PT10M34S
nvN3cpi2Dgg,How to never get distracted?,2020-08-24T05:55:37Z,1431123,74126,1785,PT8M3S
odPwOQI_O0Q,Train your mind to never get nervous in any situation  (Practical Steps),2020-08-16T13:34:50Z,863400,39905,815,PT11M15S
AxR6o03eKV0,Think School Live Stream,2020-08-16T11:32:59Z,0,0,0,P0D
cWsxSP3KGvs,Can India's National Education Policy (NEP 2020) transform the Indian Education System? (EXPLAINED),2020-08-06T04:33:50Z,162272,8537,393,PT15M9S
3tVoKZ5pHMU,Indian Education System EXPOSED & How can we fix it? (Rant by an Engineering College Student),2020-07-28T18:04:56Z,147446,6325,269,PT9M21S
