video_id,title,published_at
lBCiFPh87ik,Packaging You Can't Ignore!,2025-11-27T06:50:02Z
-XLYBiMJDI0,How can India go global?,2025-11-26T11:30:00Z
XczYinm2pQc,Smart Founders Don‚Äôt Ask‚Ä¶ They Observe,2025-11-25T12:45:11Z
9c3FuuqNOCM,Easiest Way to Make Your Brand Memorable !,2025-11-24T16:29:39Z
fP7jNb4hT8M,"Smart Founders Don‚Äôt Fear AI, They Partner It!",2025-11-23T15:04:55Z
028kXj_TvBE,Why do startups fail?,2025-11-23T04:30:01Z
MqDcYY-si7o,Packaging makes or breaks your product!,2025-11-22T13:30:32Z
Ev3NoTLFDQI,The TOP 3 Must-Have Professionals for Any Business,2025-11-22T07:30:08Z
wEphdmtJt4s,Nike and Apple's brilliant marketing,2025-11-21T16:08:49Z
H088ypbYuDw,100x Your Brand in 60 Minutes with These PROVEN Tactics,2025-11-21T13:42:00Z
wO1eJMRMvyE,From ‚Çπ0 to ‚Çπ1500 CR: The Mensa Playbook!,2025-11-21T13:31:11Z
DRfsQCOLAJI,Ranveer‚Äôs secret skill!,2025-11-17T15:04:18Z
WU1441n9Ev0,Insight-driven brands always win in India!,2025-11-16T06:30:14Z
qDfHroMVvAM,Built on Kishore Biyani‚Äôs legacy.,2025-11-15T15:49:58Z
u_Vz_cmltJE,How Super you Got Ranveer Singh!,2025-11-12T07:30:30Z
jBEOdMKAkEU,BYD vs Tesla: How CHINA Beat ELON MUSK at His Own Game| Business Case Study,2025-11-11T13:02:48Z
CaoAr02C3pI,"Repeat value, not volume!",2025-11-10T05:45:19Z
U1uF-c0zmr8,The REAL Reason Familiar Taste Beats Fancy Flavors Always,2025-11-09T06:59:23Z
7G0vQ9eASUg,"Pricing isn‚Äôt maths,it‚Äôs psychology.",2025-11-08T13:30:05Z
fCMD7PFB5bk,Every Failed Brand Ignored This One Rule,2025-11-08T11:13:33Z
16p88Rrrckc,Health isn‚Äôt punishment. It‚Äôs portion control.,2025-11-08T08:00:02Z
rE5yGaXVH84,One recipe can‚Äôt win all of India!,2025-11-07T09:38:27Z
G8UK7WcdF1Y,Super You's EPIC ‚Çπ100 Crore Blueprint: INSANE Marketing SECRETS Nobody Talks About! IBP 46,2025-11-04T15:15:37Z
sVlJveU54Bs,How Super You became a ‚Çπ100 Cr story?,2025-11-04T15:15:14Z
xY2Jq6pYlgM,Elon Musk's real competition revealed!,2025-11-01T14:00:18Z
Ib1E-rneIEk,India‚Äôs next revolution runs on sunlight.,2025-10-30T04:30:10Z
MOy2QiG4yMg,India's DEEP Power Crisis Explained,2025-10-29T16:00:41Z
Ho7yc-gDcd0,Ambani & Adani's AI Data Centres Spark India's Growing WATER SCARCITY,2025-10-29T15:25:28Z
WbA0k9ZiLE0,India mines coal and buys it too?!,2025-10-28T19:30:06Z
wP6nHR7cI58,Apple is Failing ? : The TRUTH Apple Doesn‚Äôt Want You to Know | Business Case study,2025-10-27T15:13:41Z
P9hlfABpmRg,Renewable Energy in India Grows FAST!,2025-10-27T15:00:53Z
5SOFexgkXnM,Smart meters transform India‚Äôs energy system,2025-10-26T15:30:04Z
ZHp_J7u5JZ4,From power plant to your plug ‚ö°,2025-10-26T13:30:38Z
np1aW6FPR_Q,Start-ups vs IPL & Bollywood,2025-10-23T12:31:06Z
C_Wk44s2TWY,India‚Äôs Dirty Secret: How is the Power Crisis Paralysing India? How to fix it?,2025-10-22T15:55:01Z
QSm9xVdn9AY,What if India‚Äôs ‚Çπ8 Lakh Crore power problem is next biggest business opportunity?,2025-10-22T08:30:12Z
uIDX0K1PYow,Every FMCG Start up should know this!,2025-10-21T10:01:27Z
6qprafmrYJA,Which flavour screams India: Kacha Aam or Jeera?,2025-10-19T14:00:11Z
hTaHvHshjz4,"Freebies don‚Äôt sell, retailers do",2025-10-19T13:01:19Z
0KsJuYGqSrM,Did Mukesh Ambani disrupt the beverage space of India?,2025-10-19T11:19:30Z
Etj-5IdrdKs,Colgate vs Pepsodent Which Toothpaste Reigns SUPREME?,2025-10-18T14:45:01Z
d6rcfZ852M0,Every founder needs to hear this!,2025-10-18T12:30:58Z
dBFtJUYk-w8,TATA MOTORS DEMERGER :Genius or Blunder? | Business Case study,2025-10-17T14:45:07Z
KoOPGz97wo8,Focus sells. Variety kills growth.,2025-10-16T14:30:31Z
W66twle3NmM,Brand Building 101! üíØ,2025-10-16T04:30:19Z
t_l1seEqHto,"Raise funds smart, not just fast.",2025-10-14T15:30:28Z
mZTjis-RFh0,How a ‚Çπ10 desi drink built a ‚Çπ525 crore empire!,2025-10-12T14:41:54Z
RTzaXdn60qE,The billion-dollar market sitting right under our nose!,2025-10-11T07:30:13Z
spxcXneotco,Thumbs Up‚Äôs 5000cr secret,2025-10-10T14:30:52Z
6IFLWZ3KtoA,Can Lahori Jeera‚Äôs strategy Beat Ambani‚Äôs Campa Cola? ‚Çπ10 War Explained : IBP Case Study,2025-10-09T13:12:20Z
kDGCTQsIj2E,"MSP isn't the problem, India's use of it is",2025-10-08T13:01:26Z
NM_Icq_Vpyc,How ‚Çπ10 drink made ‚Çπ525 cr Empire! #cocacola #scam #startup #investing,2025-10-08T10:45:01Z
mLf3KYTkGuA,How America Funds Wars to make Money? America's dirty strategy Exposed | Geopolitical case study,2025-10-04T13:30:46Z
tlj7hMWj0vI,India‚Äôs black economy isn‚Äôt accidental!,2025-10-04T13:15:33Z
Yu1sP2TOjDA,Why is India Weak ‚ù§Ô∏è‚Äçü©π,2025-10-03T10:43:15Z
5zRFMIAHeLs,Is India's DEMONETIZATION WAR on Black Money Working?,2025-10-02T10:25:02Z
zt5uqErQysk,The $4 Trillion GDP Is a Lie? | Why Our $4 Trillion GDP is Actually Only $2.5 Trillion | IBP,2025-10-01T12:31:17Z
du7Auc_qprE,Is BJP doing a good job?,2025-10-01T09:02:07Z
5KJgsEW-yjg,I Visited an Ultrarich Hospital and Here's What I Learned,2025-09-28T12:30:07Z
K7FwtWVa8ds,3 Crore a bed vs 70 Lakh a bed!,2025-09-28T04:30:13Z
tz2ujCvDRRg,No More Waiting for hours in hospital!,2025-09-27T15:08:06Z
br2Tbn11DjY,Magic Hospital ‚ù§Ô∏è,2025-09-26T15:15:36Z
XaG2QNfiPnk,God Complex: Elon Musk vs Sam Altman and the AI Battle,2025-09-25T04:49:53Z
a2qOULjntWU,Apple like Hospital..,2025-09-19T15:36:04Z
HPRyb6rCuEM,Health plan cheaper than your jeans?,2025-09-19T07:27:53Z
Lhc_NfG54PA,India's Health Crisis : How to Fix India's BROKEN healthcare system? | Ex Apollo Reveals Secrets,2025-09-18T15:43:40Z
Jgi9zztt758,Shocking reality of Indian Healthcare,2025-09-15T08:30:08Z
VfV1zNJJ2Vg,Best Dictator In History?,2025-09-15T04:10:29Z
4WYJHSeBGOs,Is Navi Mumbai the future of urban living?,2025-09-14T06:30:03Z
jgK_AolUecY,Real estate Strategy for Dream home,2025-09-13T14:27:51Z
ieyzFXJk4e8,Dictator vs Democracy: The rise of Xi Jinping and China? Explained,2025-09-13T08:30:24Z
beTuvUzI9f4,Don‚Äôt Invest in Mumbai Before This!,2025-09-11T13:42:36Z
5eGfaoxxzk0,Mumbai Real Estate‚Äôs Real Mantra,2025-09-10T14:41:32Z
jHzYIFM08vQ,Carpet Area vs Super Built-Up Area,2025-09-10T07:03:45Z
1G7ZTXTVDa0,Top 5 Indian Cities to Invest in 2025,2025-09-08T13:30:05Z
3ffs2n76Y3I,India‚Äôs Most Expensive Address,2025-09-08T12:30:10Z
0ieqe41jOEA,The Real TRUTH About E20 Petrol | Full POLICY EXPLAINED,2025-09-07T10:30:02Z
zGyhqhH1rpQ,Why Skyscrapers Signal Recession?,2025-09-06T12:31:20Z
_nBsQAU7ISM,Mumbai‚Äôs Next Real Estate Jackpot,2025-09-05T14:24:17Z
IiLmHwfx6e4,UltraRich Broker Spills secrets on Mumbai Real Estate? | ft. @rk.ravikewalramani Business Podcast,2025-09-05T12:30:33Z
ZqIk_TSrsNs,Mumbai Property Pricier Than Manhattan!? Releasing Soon...,2025-09-03T07:30:18Z
tQRjVK8NOiY,Why Work Experience Matters Before MBA,2025-09-01T08:08:05Z
IDFPJSZq8UM,Modi In China : Is India About to Make a HUGE Mistake in China Relations?,2025-08-31T08:30:07Z
4LcPBesjn74,How To Sell Your Startup Idea,2025-08-30T14:30:07Z
v38RovZQNdc,Building To Sell? Here‚Äôs The Problem,2025-08-30T12:31:24Z
SDhODTG2FZs,Brands For India 2 & India 3,2025-08-30T11:04:09Z
3I5nmNZDMQU,The Untapped EdTech Market In India,2025-08-29T10:30:02Z
7HpJXuGfYIU,Simplest Way To Validate An Idea,2025-08-29T09:26:43Z
yHbMi0UDgKc,Selling a Startup: Myth vs Reality,2025-08-28T12:31:25Z
kuPYMFHJ8Lw,AI Startups Are Today‚Äôs Gold Rush,2025-08-28T10:30:24Z
KW3TzlGE98I,China‚Äôs Lithium Monopoly,2025-08-28T08:50:47Z
LM1ToX-82f8,Indigo vs Emirates: Can Indigo Survive the Oil Titans and go International? : Business case study,2025-08-27T15:01:38Z
LwYpnIy1qBM,Cinema dies without diverse stories,2025-08-25T14:30:12Z
WhEB8SI51QU,Audience emotions reveal the real problem,2025-08-25T11:00:58Z
Tt-cSywn1f0,Why Scaler redefines business education,2025-08-22T11:37:00Z
70Bg6fkr9gI,CEO Blueprint : Anupam Mittal's Masterclass on How to Find Gap in the Market?,2025-08-21T15:15:01Z
QQ9XhGuBIZ8,What Investors Really Look For? @SonyLIV‚Äã,2025-08-21T14:33:46Z
ENmpCtevpu4,Aamir Khan on his biggest insecurity,2025-08-21T12:30:28Z
7lDpY-WK0tk,Story behind casting of Ishaan,2025-08-21T06:46:25Z
5llASgoUMEo,Why Aamir trusts test screenings?,2025-08-20T14:30:07Z
bVmqGQwP918,Edit that changed Taare Zameen Par,2025-08-20T13:30:36Z
ycI5zFvw90w,Cinema was for everyone‚Ä¶not anymore,2025-08-20T07:18:59Z
nu-xByQyuLE,"Chase excellence, success will follow",2025-08-20T07:14:06Z
1tRTWwZ5DIc,The INSANE Rise of NVIDIA: From Bankruptcy to $4 Trillion? | Business case study @NVIDIA,2025-08-17T06:30:07Z
mFxgSkOER3Q,Rise of NVIDIA #thinkschool #nvidia,2025-08-17T05:00:29Z
8FDs-jQYAmM,Lessons from Tomorrowland for India!,2025-08-14T13:24:52Z
cgrRcoUDRmM,Payments App That Stops Your Money Leaks,2025-08-13T14:25:27Z
w3us7h5g7uU,Only 2% of Indians have access to Movies,2025-08-12T11:30:54Z
jHI4SpRB4vI,Secret Behind Every Blockbuster Movie,2025-08-12T09:57:34Z
YYJZ6FDO5W4,3 Critical Factors That Will SHAPE Indian Cinema's Success,2025-08-11T14:30:23Z
_WCM7Pz1jy4,Addressing the hate I got on the Israel podcast,2025-08-08T14:10:57Z
elT3DbT0w-M,Israel attacked aid centres in Gaza?,2025-08-08T09:00:54Z
6FzfkIGuscc,"Why Israel Attacks Syria, Fears Iran‚Äôs Bomb & Faces Global Pressure : Israeli Ambassador Explains",2025-08-06T13:00:11Z
MPb-kn4C1EU,IBP with Israel‚Äôs Top Diplomat,2025-08-06T02:30:18Z
DWTnlMBsV8I,New Episode Coming Soon...,2025-08-05T10:52:49Z
1jUjEVbHV38,Chicago Land Bubble Explained,2025-08-04T08:21:56Z
smU64rAUFMo,Big name dropping soon..,2025-08-03T08:23:52Z
aCzWyOeS_kU,Learn to Ask Better Questions To AI,2025-08-01T14:30:00Z
nxV5xkVuX8g,Engineers Must Think Like Founders,2025-08-01T12:30:58Z
tf4hO6oeI-E,How OpenAI Hires Top Talent?,2025-08-01T07:51:06Z
cVNAAiv0C4o,AI Creates But TASTE Decides Everything,2025-08-01T07:45:25Z
P74BcjfET7Y,What Sets Sam Altman Apart,2025-07-31T14:57:32Z
ockrdZal5fA,@OpenAI VP on How AI Will Redefine Work ft. Srinivas Narayanan | IBP EP37,2025-07-31T14:30:39Z
q17CevDx82E,Persuasion Isn‚Äôt Manipulation,2025-07-31T09:10:34Z
egDxxZa6LPo,Sales Is The Foundation of Success,2025-07-31T09:04:34Z
P5BRLfA3fGs,"China is in 300% DEBT, is it a CRITICAL LESSON for India? ECONOMIC CASE STUDY",2025-07-30T14:30:07Z
3JcmOnZ4f3Y,Man behind @OpenAI ft. Srinivas Narayanan,2025-07-30T14:30:04Z
inrS8kS_WuQ,Placement Is The Real MBA Product,2025-07-30T12:30:52Z
YeuGK3sl1vY,"Feedback is a Gift, Not Attack",2025-07-30T11:30:34Z
L_3wOmRiYis,DLF Camellias: Best Real Estate Project?,2025-07-30T10:30:22Z
-Lm0Nhp1IWM,"Jobs Come First, Real Estate Follows",2025-07-30T09:30:01Z
EXaungV5q3U,Gurgaon's Real Estate Bubble,2025-07-30T08:36:58Z
QMP7KPKjgh4,"Tools Amplify You, Not Change You",2025-07-30T06:47:24Z
hvap97NGRY4,Why Founders Make the Best Hires,2025-07-30T06:42:10Z
IG2Ot6gyEGM,Why Indians Struggle at Sales,2025-07-29T08:24:04Z
5ijaf7i5TIY,Can AI Agents replace HR?,2025-07-28T12:47:15Z
LrH36jzRFyE,Join us at Odoo Community Days,2025-07-28T06:22:52Z
gLeMTK3PeC8,10X Your BUSINESS and Build POWERFUL Career: Kunal Shah‚Äôs UNFILTERED Business MASTERCLASS | IBP EP36,2025-07-26T12:40:02Z
IyeBwEn47PQ,Why Homebuyers Don‚Äôt Trust Builders,2025-07-26T06:55:16Z
50jMz-c-vE8,One Project Changes City Prices,2025-07-23T14:38:16Z
WigW83_aoAI,Why Airport Areas See Land Hype,2025-07-21T14:23:19Z
lAIh3MgD7Ac,Why Gurgaon‚Äôs Real Estate Boomed?,2025-07-21T12:48:18Z
i_Y-yBW7kCU,Dark Truth of Gurgaon Real Estate Ft. Vishal Bhargava | IBP EP35,2025-07-21T12:30:50Z
yDed2v571pw,Gurgaon Property Boom or Bust? Releasing soon!,2025-07-19T09:03:17Z
qtRH3EteJ_o,Why You‚Äôre Still Earning ‚Çπ4 LPA,2025-07-18T07:43:14Z
KiIvF4JM694,Proactive candidates always stand out,2025-07-17T15:27:17Z
hMoK4u1mXZA,ESOPs vs Salary,2025-07-17T05:44:24Z
16o4KgNVBeI,IIM vs Scaler,2025-07-15T16:09:52Z
WJIw5pEFKBw,What makes your Resume special?,2025-07-15T08:53:26Z
0Z_IL6IQvJk,One Big Myth About Startups,2025-07-14T13:57:33Z
rb_tQdRwYnw,Trump's Explosive Warning: Is BRICS on the Edge of Collapse? Geopolitical Case Study,2025-07-13T10:40:01Z
h-Q0777sxpk,IIM is Overrated?,2025-07-11T14:50:03Z
cw06YhrrofU,Secret of High income earners,2025-07-11T14:12:32Z
Jtlhil-ZrSw,Inside Facebook‚Äôs Ruthless Meritocracy,2025-07-11T13:50:05Z
-_rzYoEZdc0,50 Lakhs income secret.. coming soon,2025-07-11T13:25:34Z
aRPdjYpTtxc,AI Is Replacing These Jobs,2025-07-11T13:06:59Z
xwFgddaaBXs,Ex-Facebook & Uber Heads Reveal 9 SIMPLE HABITS to EARN ‚Çπ50 Lakh/Year | IBP EP34,2025-07-11T12:45:07Z
HP5Ksajn4lc,America Shocked üö®: Elon Musk Annouces a new Political Party | Whats next? | Political Case study,2025-07-04T06:43:00Z
7ek1P610tm4,"How this UGLY Doll ""Labubu"" Prints $1.6 Billion: HYPE Marketing Explained | Business Case Study",2025-07-02T15:00:07Z
B8X3loWQqyU,MrBeast's Viral Thumbnail Secret!,2025-06-30T06:15:17Z
O0Qhnls-C6k,NASA's Innovation First Rule,2025-06-30T06:13:56Z
1--iZlvRw9Q,Product vs Sponsorship,2025-06-27T09:09:59Z
AFhH7rG1yb0,Instagram vs YouTube,2025-06-27T08:44:47Z
KUM6J25ySlE,How Does Mark Rober Create Viral Hits?,2025-06-27T08:15:02Z
QPCC918A2a4,The secret to viral thumbnails,2025-06-26T13:19:07Z
jGgb3i8sui4,How Mark Rober makes viral videos?,2025-06-26T13:16:17Z
7HAF4KdnfC8,Apple‚Äôs Secret Culture of Simplicity,2025-06-26T06:46:51Z
bLPcagynjII,Will AI Secretly Take Over Humanity?,2025-06-26T06:44:14Z
trKuZAGlvoY,‚Çπ50 Lakh Jugaad Challenge for India!,2025-06-25T15:37:08Z
jgCIrZxXdbQ,3 Lessons India Can Learn From NASA,2025-06-25T15:28:56Z
FCWwRwdbbJg,@MarkRober  Leadership Formula,2025-06-25T15:00:30Z
YZOaZM4Cf1M,"@MarkRober  Loves ""Jugaad""",2025-06-25T14:56:28Z
rlcZyFsGFkk,AI Will Reshape Global Power Forever,2025-06-25T14:52:46Z
5d3AB7oYQy4,Creators Fail Without THIS One Role!,2025-06-25T14:45:46Z
lArBQUlVn9w,@loganpaulvlogs  Prime Marketing Strategy,2025-06-25T14:40:09Z
M173e445SxY,"@MarkRober on NASA, Apple & How to Go Viral on YouTube? | IBP EP33",2025-06-25T14:30:14Z
a2bReBOl91U,@MarkRober  NASA Engineer to YouTuber,2025-06-25T10:40:07Z
cfpIxv8vqr0,Why Russia and China wont let IRAN Fall? | Geopolitical Case Study,2025-06-24T05:33:10Z
6DX8jLJNwM0,Amazon vs Nykaa Inventory Models,2025-06-21T06:48:29Z
7HXNTrfJ16c,Dark Side of Skincare Industry,2025-06-21T06:48:21Z
Nb2Ax0Q913A,How brands choose Creators,2025-06-21T06:48:01Z
aeVrdWg19hA,Creativity vs Discipline,2025-06-21T06:47:52Z
hP0Jzcmulg4,Growth of Face Serum Market,2025-06-20T13:46:05Z
V5pd_Vr_z8A,How to deal with Hairfall?,2025-06-20T13:46:00Z
zGIwnkU01X4,FREE MBA : How Minimalist Conquered India's D2C Beauty Market? - IBP EP32,2025-06-20T13:45:08Z
nAEHny6_d8w,2955 Cr Skincare Business #minimalist,2025-06-19T12:01:56Z
J7eRGL5uvaE,DONALD TRUMP'S ‚ÄúBig Beautiful Bill‚Äù Just Changed Everything for ELON MUSK!!,2025-06-12T15:20:00Z
Ctv0q_LAld4,Pantaloons vs Manyavar,2025-06-12T06:14:48Z
ZtXh621S4DA,How SuperYou was positioned?,2025-06-12T05:57:05Z
qC_5Szufc-M,"Harvard, Stanford...where's India?",2025-06-12T05:38:00Z
M0DEvalGo-Q,Build a life not just a resume,2025-06-12T05:15:04Z
PZX82POfJ1g,MBA won't teach you this!,2025-06-11T12:50:10Z
NW0pOuRljNI,Listerine's brilliant marketing strategy,2025-06-11T08:51:41Z
0dYmToMydPU,3 must-read books for success,2025-06-11T07:08:27Z
lUyn_nyhRCQ,Premiumising daily goods in India,2025-06-11T06:35:49Z
mP1M8laJF-c,Old India vs New India,2025-06-11T06:27:23Z
5pRSjutHBgc,What made Big Bazaar successful?,2025-06-11T06:00:48Z
MZQvvg_x3gg,AMERICA can create UNLIMITED Money? The Real Power of the US DOLLAR | Economic Case Study,2025-06-10T13:30:07Z
RsXjTf8UVEc,Business lessons from family,2025-06-09T09:59:35Z
fVuA_01Fi9E,Why universities aren't becoming best?,2025-06-09T07:52:08Z
tC5qFAkST_4,Scale for a college?,2025-06-09T07:41:37Z
eWP2_oOY_sE,China's was making future India,2025-06-09T07:36:29Z
uhXIAxDMous,Truth About College Donations,2025-06-07T14:23:20Z
DVjbCEZJfTI,Parents' Dreams vs. Our Own,2025-06-07T14:21:20Z
QSuQ8ApOFSE,How Founders Spot Compounders,2025-06-07T14:17:58Z
wrjk1NIuRS0,The Education Business in India,2025-06-07T14:06:21Z
Ymcq18ZNNWA,College Built With Zero Capex,2025-06-07T12:43:05Z
OGYZfAibQgk,"Feedback transforms, growth follows naturally.",2025-06-07T12:24:35Z
oyCX308gFvk,Tanmay Bhat's Course is Free,2025-06-07T12:03:01Z
qnEXkNUaAcI,"Harsh Truth About Degrees, Placements & Indian Students : Pratham Mittal | IBP EP30",2025-06-07T11:45:11Z
uABNWprCXMY,Is the Company Investing in You?,2025-06-07T11:45:11Z
LyjZkxqjN5A,Full Podcast tomorrow evening,2025-06-06T11:30:14Z
2RrfkYQikpE,From Shortages to Abundance: India‚Äôs Growth Story,2025-06-05T15:41:57Z
1kGbfVe_5Lw,Branding starts with observation,2025-06-05T15:30:34Z
a8LHeAEi24s,What GenZ Is Solving Now?,2025-06-05T15:15:43Z
ebHhxxhA35Y,King Kohli for a reason,2025-06-03T18:05:57Z
beplQn3VuZQ,How to find a Brand Personality?,2025-06-03T11:59:17Z
Fb1aftiwCQE,D-Mart vs BigBaazar,2025-06-03T11:20:00Z
q7A2jTYmxsY,Franchise Mistakes To Avoid,2025-06-03T11:10:47Z
G-HYKKGTTxA,What worked for Big Bazaar?,2025-06-03T11:08:56Z
BAr03deZtAE,Why Pantaloons Skipped The Franchise,2025-06-03T11:08:41Z
7_h3uii1k78,Quick Commerce are real optimisers,2025-06-03T09:53:58Z
sPL8SyRWU_0,How Levi‚Äôs Became cult,2025-06-02T14:55:41Z
XIwqvtVADAA,China‚Äôs Value Addition Rise,2025-06-02T14:51:58Z
hkVY4_jnPi0,India Needs More Value Addition,2025-06-02T14:48:13Z
xqSmbDTS-sY,FREE MBA on Indian Retail: Big Bazaar‚Äôs Shocking Fall Explained by Its Founder | IBP EP31,2025-06-02T14:32:29Z
6LpLl5H63N0,India's Retail King's Success Formula,2025-06-01T11:19:42Z
4zoAC3MSmg8,Income Levels? Look at Cars.,2025-06-01T04:30:10Z
eWiBLgxOcW0,Is India‚Äôs $4 Trillion GDP Actually a Trap? | Economic Case Study,2025-05-30T15:36:33Z
nLA6LKcf_sk,School Zones Shape Real Estate,2025-05-30T12:45:50Z
4Khb5VvAyPc,Choosing the right home loan?,2025-05-30T12:40:43Z
rc-1sOxZwzY,Is Gurgaon Really Overvalued Today?,2025-05-29T13:15:09Z
H6o0xLpYBqo,"Low Price, Low Property Appeal",2025-05-29T11:30:21Z
JRWqsdqXx7c,What Makes Hyderabad Special?,2025-05-29T11:17:10Z
j2CKNzVyvBE,The slum problem in Mumbai,2025-05-29T11:01:15Z
ycGsB6Mzz6M,Safest City in India?,2025-05-28T12:01:50Z
qVwP6JExZuA,How to Negotiate like a Pro,2025-05-28T11:45:05Z
Hp7FupUm9Pc,Before you buy a house,2025-05-28T11:15:02Z
aStMWu3t6CQ,What is Absorption Rate?,2025-05-28T08:12:29Z
65bWdY_7620,Red Flags in a Builder,2025-05-28T07:41:03Z
jNHAJaWGW9Q,Commercial vs Residential Investment,2025-05-27T14:35:39Z
3U3WfbnTcC8,Best Indian City to Invest?,2025-05-27T14:31:58Z
AYae4jtwTgs,Meal Costs Predict Area Rates,2025-05-27T14:23:41Z
ROdN3a9rN0g,Hyderabad's Real Estate Price Map,2025-05-27T14:17:15Z
sr5MPo4brmQ,Gold vs Stocks vs Real Estate?,2025-05-27T13:01:30Z
GbGzeQLY1H4,F&B Maps India‚Äôs Rich Pockets,2025-05-27T13:00:33Z
GCBdqIterjc,Future Cities of India Explained,2025-05-27T13:00:23Z
XQNFPG3emxA,What is RERA?,2025-05-27T12:45:09Z
JG2N2sdhSGQ,How to Invest in Indian Real estate? Complete guide in 90 mins I IBP EP29,2025-05-27T12:30:19Z
2R1dgt6UXpk,Real Estate Hotspots in India,2025-05-27T12:30:02Z
Z8Ijd45r8Hk,The UNTOLD STORY about America's $36 Trillion Debt | ECONOMIC Case Study,2025-05-26T15:15:07Z
I_i_cA6QhcI,Students in India vs USA,2025-05-26T13:18:37Z
oqD1np8kqsU,Ease of business in India,2025-05-26T13:16:28Z
RuGj-EL2J3U,Engineers Need to Learn More,2025-05-26T13:13:33Z
afTl4i7B_74,Hidden Truths of Indian Real Estate,2025-05-26T12:01:01Z
0YrInRvAhQQ,Why Turkey Loves Pakistan Over India ?| UPSC Geopolitical case study,2025-05-21T13:00:17Z
eq5JDN5hglY,Can Starlink DISRUPT India's telecom sector? : Starlink case study,2025-05-14T15:45:10Z
zkr-CVrMn9g,Indian Army Training!,2025-05-08T13:52:32Z
W9LZoIbA1cU,Indian Army Never Forgets!,2025-05-08T10:27:00Z
g8Y78Ct-8_M,How Amitabh Bachchan fell in love with Naturals? Business Case Study,2025-04-23T14:30:08Z
FB5CAmE87fo,Kapil Dev Was Built Different üèèüî•,2025-04-19T12:11:48Z
uhf1NYxW198,1983: The win no one saw coming!,2025-04-19T11:53:04Z
OAcVAGl80dE,Is Trump playing India?,2025-04-18T10:00:02Z
TnEyFSToGbg,"Is Digital India a Failure? Are there Gaps in UPI, ONDC and OCEN? Detailed Analysis",2025-04-14T14:55:08Z
wVXAFlueS9Y,How Steve Jobs saved Apple from BANKRUPTCY? | Documentary | The Greatest Comeback story ever,2025-04-11T14:45:07Z
G8Lq06naiHI,Apple‚Äôs Darkest Hour,2025-04-10T13:49:08Z
GlnC0O-56ks,Will AI End Us?,2025-04-10T13:44:40Z
h-z1_nWybDM,Truth about ChatGPT,2025-04-10T13:44:28Z
X5y2SZ8Yyng,The DANGEROUS Side of AI,2025-04-10T13:44:17Z
DEvMtZLTT8c,Game Changing AI Tools,2025-04-10T11:16:25Z
dsM7bIwnox8,Dark Truth about AI Exposed?,2025-04-10T11:15:35Z
IsbQgOFDHbk,@nikhil.kamath  on Indian Business podcast,2025-04-09T13:47:52Z
5G1Xaj3gIP0,Grok AI Exposed?,2025-04-05T14:37:54Z
JkxHxb_iTzI,AI can build websites without Code!,2025-04-05T14:36:21Z
ZCf2U9J32xI,Will AI Replace Indian Engineers?,2025-04-05T14:35:40Z
YywwpnCGOE0,AI will steal your Job?,2025-04-05T14:34:49Z
Rt7qxyDzc_Y,Ultimate AI Masterclass for Founders and Executives üí∞| Vaibhav Sisinty | IBP EP28,2025-04-05T14:00:07Z
N4gFaOp-QzM,Want To Survive The AI Revolution? Watch This Now,2025-04-05T12:59:46Z
UlJpevKpIoE,Location can Boost your Business?,2025-03-31T10:16:38Z
lBRFzr8BS8E,Secret to 100x scale?,2025-03-31T10:16:17Z
AFs008aYdSs,"T-Shirts, Jeans & cargos can make you Crores?",2025-03-31T09:51:37Z
X-timkdrFXQ,Key Principles for success?,2025-03-31T09:50:23Z
clM3MPKyuRc,Red flags in Fashion Industry?,2025-03-31T09:49:37Z
TRSW9E3gIPE,Is ZARA Failing?,2025-03-31T09:46:09Z
iSAqr09NMpg,ZARA is dead?,2025-03-27T15:06:27Z
VJbuBEZXcT8,Reviews can build your Brand!,2025-03-27T15:05:24Z
-PfirlWVuQs,How Men Think!,2025-03-27T14:59:50Z
Vwl6ZETAf9s,How to Build a clothing brand and make 500crores in India? ft. Siddharth Dungarwal | Snitch IBP EP27,2025-03-27T14:30:08Z
AsEKIBskAqY,Recession fears in America again? India in Trouble? : Economic Case study,2025-03-25T15:36:07Z
JX916HnPgyQ,Is Dubai Real Estate Really a Goldmine or a Landmine? | Business Case study,2025-03-21T15:43:21Z
LAeFkUnLOZ4,Big issue of 5-star Restaurants!,2025-03-20T09:38:09Z
UqAMv7h_PXo,How Jio revolution changed India?,2025-03-20T09:29:38Z
fpCwi2R1qGo,How Most Gujaratis are Millionaires?,2025-03-18T16:04:00Z
0ZEmoL5ggc4,Wining marketing strategy!,2025-03-18T15:46:08Z
Cck24Vwi8hQ,HDFC as their FIRST CLIENT?,2025-03-18T15:01:35Z
zHpX88kk0G8,Every ENTREPRENEUR needs to WATCH THIS!,2025-03-18T15:00:39Z
8tQOp2I2jcE,Robots will replace humans?,2025-03-18T15:00:36Z
jSkp8uYEx2A,99% of Restaurants FAIL ‚Äì How Petpooja built a software to save them? : Business Case Study,2025-03-18T14:00:08Z
GwYqInPCcSk,India‚Äôs No. 1 Restaurant Billing Solution,2025-03-18T12:53:53Z
FrP3ymZ09GY,Can Modi KILL the OIL Mafia?,2025-03-18T12:15:33Z
h_fdPgjp4bI,Can Modi KILL the OIL Mafia? | Geopolitical Case Study,2025-03-15T13:00:07Z
fKsjmUha6UE,How India Killed British Monopoly to become the godfather of Cricket? : Business case study,2025-03-14T13:30:08Z
Q9cYyTeXEBM,How BCCI Became the Richest Cricket Board in the World! #championsleague #championstrophy2025,2025-03-09T06:34:58Z
4InU47MTJJY,"MS Dhoni, The Greatest Captain Indian Cricket Has Ever Seen!  #championsleague #championstrophy2025",2025-03-09T06:33:29Z
Tz9h7GUb9dU,Why Australia Keeps Winning? #India #australia #indiavsaustralia,2025-03-09T06:07:10Z
63OlMZe-yRQ,Breakfast with Champions!,2025-03-09T06:05:16Z
LGmPXIggYwM,Batsman‚Äôs Biggest Weapon?,2025-03-09T06:04:42Z
udFCIl1ULLA,Sachin made 100 Crores!,2025-03-09T06:03:24Z
tiqMqvBNmGI,Indian Cricket Captains! #rohitsharma #viratkohli #msdhoni,2025-03-09T06:01:14Z
wlyHZQZvl2M,BCCI Richest Cricket Board?,2025-03-09T06:01:09Z
gyZRSHn5_D8,India will win Champion Trophy 2025!,2025-03-09T04:01:01Z
9BzSsdqZq4s,Ravi Shastri-The Journey from All-Rounder to Head Coach#ravishastri  #indiancricket #cricketlegends,2025-03-08T15:54:01Z
VxoIYwwkqiE,Rise of India in World Cricket!,2025-03-08T15:53:57Z
Iw6tKszxjys,How India‚Äôs 1983 World Cup Win Changed Cricket Forever! #1983worldcup #championstrophy2025,2025-03-08T15:53:54Z
FRUkpJn4RQA,Cricket is an emotion! ‚ù§Ô∏èüèè #championsleague #championstrophy2025 #cricket #love,2025-03-08T15:53:47Z
9hi6gH52QgU,"How BCCI became a Monopoly, Virat Kohli, Rohit and Dhoni‚Äôs secret of leadership?  ft. Gaurav Kapur",2025-03-08T15:36:07Z
Y0aTX36WFlg,The Prince of Kolkata : Sourav Ganguly #sauravganguly #championsleague #indiancricket,2025-03-08T15:17:51Z
gkaFPZobCWg,Yuvraj Singh‚Äôs 6 Sixes in an Over! #YuvrajSingh #SixSixes #t20worldcup #championsleague,2025-03-08T15:17:48Z
ol01HJ7QJ1Q,Virat Kohli! #kingkohli #championstrophy2025 #championsleague,2025-03-08T15:11:58Z
VQvfqR8vjW0,Indian Cricket Legends #championsleague #championstrophy2025,2025-03-08T15:11:10Z
4_5Smu0YAxw,Can Amul solve India's PROTEIN CRISIS? : Business case study,2025-02-27T15:28:16Z
-vx1ork0O-c,The Secret Behind Success,2025-02-27T11:49:25Z
LjShkT_NsJo,Traits of Powerful Leaders,2025-02-27T11:03:29Z
wVhAId6CcY0,Qualities of a Great Leader,2025-02-27T10:45:31Z
34Urybz172Q,Dark side of being a CEO,2025-02-27T09:05:42Z
-DBx9Ss1C-g,"What Indian Army, Mukesh Ambani,Adani and Mahindra can teach you about leadership? Capt Raghu Raman",2025-02-26T13:15:08Z
O8vUKmIOFjE,Why great leaders read?,2025-02-21T17:22:37Z
_YiudnB46Rc,Quickest way to get success,2025-02-21T17:21:08Z
WlZVe0bu_c4,Mukesh Ambani‚Äôs Leadership Secret!,2025-02-21T17:20:11Z
gSJi13cdUmY,MBA don‚Äôt teach leadership?,2025-02-21T17:19:47Z
SqM1uODJ_wg,Dark Truth about Money!,2025-02-21T17:16:53Z
pEfHNthYoZM,Indian Army‚Äôs Leadership Secret!,2025-02-21T17:14:41Z
B-QzDmZOuik,Indian Army Motivation üî•,2025-02-19T08:54:52Z
1meLY1ZT91A,Lessons from Shivaji Raje üî•,2025-02-19T05:58:33Z
dL31EFJwiAk,Entrepreneurs are making big mistakes?,2025-02-17T10:54:02Z
uwb5QzxlprU,Framework for Success ?,2025-02-17T10:53:09Z
WO39028ZPnY,Shocking Truth About Job Ads?,2025-02-17T10:50:49Z
Z5UOQIpSV0E,RED FLAG for companies?,2025-02-17T10:48:58Z
5ZKXIk0cLag,Naukri made 18 lakhs in one year?,2025-02-17T10:48:54Z
_UWFws8Glqg,Trump‚Äôs WAR on China: Can India Turn the US-China Trade War to become a SUPERPOWER?,2025-02-13T13:00:07Z
a-a5kuLYtTo,"Will Reliance and Shein destroy ZARA, H&M and ZUDIO? | Business case Study",2025-02-06T12:30:07Z
qBOFexfWS4k,MODI‚Äôs MASTERSTROKE Budget 2025 Analysed in Simple words: Budget 2025 case study,2025-02-02T09:10:07Z
G7Jyzj1FpnU,What's the REAL Truth Behind AAP's Delhi Development Claims?,2025-01-30T15:15:07Z
DyNO8gsuJIg,Tanker Mafia in Delhi?,2025-01-30T13:53:46Z
8NiMjjXSE78,Delhi Hospital Scam?,2025-01-30T13:51:57Z
0j0weFIDWgM,Delhi Water is not Safe for Drinking?,2025-01-30T13:49:41Z
ovK-Ju26gJw,Money is REAL Women Empowerment?,2025-01-30T13:46:11Z
RSogF2DDpaI,Can Yamuna be cleaned?,2025-01-30T07:37:18Z
dpGAShsUX3M,Freebies: Boon or Bane?,2025-01-30T06:33:53Z
8Lhkt_9Xx9s,Kejriwal vs Think School,2025-01-24T18:21:28Z
8nES01011GY,"Freebies, Water Crisis, Dirty Yamuna & Healthcare Problems Under AAP's Rule! : Delhi 2025 Elections",2025-01-24T14:25:08Z
52-GTWBxE7k,Delhi's Power Struggle!,2025-01-23T12:13:59Z
FoQR9rLpRy8,How Elon built SPACE X and became the Richest Man on Earth?  @SpaceX,2025-01-21T12:30:08Z
hySf1Sk9QRg,Elon Musk‚Äôs Masterstroke! @SpaceX,2025-01-21T12:14:09Z
mRd5AImdaaw,Rooftop Solar Revolution!,2025-01-17T14:42:40Z
vb5FUiuQ8yg,Rising Concern for India?,2025-01-17T14:40:00Z
7_KRd0Ia7L4,India's Biggest Advantage?,2025-01-17T14:33:04Z
TZ77JouLUYQ,India‚Äôs Unfair Advantage? #automobile #business,2025-01-17T14:31:15Z
gPO3mRmSzH0,The shocking Solar Goldmine that is Making India an Energy Superpower? : Solar Square | IBP EP 23,2025-01-17T14:30:08Z
mp3q9xYVhVU,Tata‚Äôs Shocking Culture!,2025-01-13T13:54:18Z
YWLdGtIkV6c,Zara‚Äôs Mindblowing Trends!,2025-01-13T13:53:55Z
50mFCbZfglA,Great leaders Follow this hack,2025-01-13T13:53:50Z
cxwhEqwBSxU,Truth about Zudio Revealed!,2025-01-13T13:42:04Z
CCTpxFwZPFg,How Zudio and Westside conquered India‚Äôs Fashion market and made 11069 crores?  |  IBP,2025-01-13T13:34:00Z
uZis94azCzk,World's TOP AI Expert Shares NVIDIA Secrets! @NVIDIA,2025-01-08T12:41:31Z
mOaH85TWdMc,Investor‚Äôs Mastersclass?,2025-01-07T16:15:34Z
Ih-nBopdJz4,From Naukri.com to Unicorns: Sanjeev Bikhchandani‚Äôs Entrepreneurial Secrets? | IBP EP22,2025-01-07T15:01:29Z
sbv0CfUv2TU,India‚Äôs Rise as a Space Superpower: The Incredible Story of SpaDeX (Space Docking  Experiment),2024-12-30T17:11:47Z
VTuS1ewrjag,VPN exposed!!!,2024-12-29T06:53:52Z
qcxpug_SMDM,Is your phone really safe?,2024-12-29T06:53:41Z
Y6uxmvbS1wI,Exposing 3 Dangerous Hackers!,2024-12-29T06:53:21Z
Z6dwd50bNq0,The Shocking Rise of Pulse Candy: From 0 to 100 Crores? | Business Case study,2024-12-25T13:48:08Z
rMHaNzoWCLs,Is Selling Packet Milk the Hardest Job Ever?,2024-12-22T12:52:24Z
IM9irD9LL3s,India's Dairy Boom Secret Revealed ?,2024-12-22T12:51:35Z
CQixZWJjHaQ,Equality for farmers?,2024-12-22T12:50:41Z
hy2TaHKyklM,Amul‚Äôs Genius Marketing Strategy,2024-12-22T12:50:29Z
RRFDZyo4DvM,Amul‚Äôs Protein strategy üî•üî•,2024-12-22T12:50:14Z
OdhpMkMUJyQ,Is Milk really white gold?,2024-12-21T06:39:50Z
CyDInDZ1vAA,Protein Market Exposed!,2024-12-20T07:34:05Z
aFQ3wLjdVjc,One Nation One Election: Threat to Democracy?,2024-12-19T12:34:13Z
nNbphew2mpU,Masterstroke or Death of Democracy: One Nation One Election EXPLAINED,2024-12-18T16:06:31Z
X_gUt_8Qris,Accepting Cookies is dangerous????,2024-12-16T14:14:09Z
MjB1YHmh-SE,Do this to Stop Hackers from hacking your phone.,2024-12-16T14:14:06Z
OriQPwNZ8Wo,This INDIAN makes 400cr by doing FREE heart surgeries? : Narayana Health Business case study,2024-12-14T13:15:07Z
FfRsQXv4heU,Chinese are secretly stealing your money  ‚ö†Ô∏è,2024-12-14T13:03:26Z
eCIS08HQTLI,Creators are in Danger ‚ÄºÔ∏è,2024-12-14T11:14:43Z
TeDB9hw7hDg,Check if you are hacked?,2024-12-12T13:49:42Z
Hagk0kbNNaM,Your Aadhaar data is Hacked?,2024-12-11T15:58:05Z
0wx0H9pInIk,"How to protect Your Accounts, Business,Laptop and Phones from getting hacked? : Cyber security Guide",2024-12-11T15:44:46Z
ez6jNLGz8GQ,Amul will never go IPO!,2024-12-07T14:52:42Z
fA-7AnNeIfA,Amul's Genius marketing strategy,2024-12-07T14:47:40Z
NGJEr4HNBRE,Amul vs Nandini,2024-12-07T14:27:48Z
Q2wkOtWH7HI,Can Amul go IPO? MSP is bad? Amul‚Äôs secret e-commerce plans decoded with Head of @amultv ? IBP EP21,2024-12-07T13:30:13Z
QxMyx8LA90E,Biggest guest on Indian business podcast?,2024-12-07T09:12:53Z
TnkTZlfxy7w,Crorepati farmers do this,2024-12-04T10:58:35Z
80xoKI5cGuQ,App is bad investment?,2024-12-04T09:34:56Z
0SKhJiaY9hY,What Do Rich Farmers Know?,2024-12-04T07:41:29Z
dfPShrILZtM,Can Farming Outperform Stocks?,2024-12-04T06:52:10Z
zDxtWcMvL3E,Secret for FOCUS!,2024-12-04T06:14:23Z
czDUqe3yX04,make crores with apps?,2024-11-25T12:49:05Z
PN51tJhZscE,Is Indigo's Business Empire CRUMBLING? : Business case study,2024-11-23T13:45:08Z
AIf3UPYXVG4,@NitinGadkariOfficial  on Maharashtra‚Äôs Infrastructure.,2024-11-23T13:23:38Z
Oi818givByY,Power of Virat Kohli marketing,2024-11-22T10:34:31Z
f82RH6mBquc,How @TechBurneraims to go against the Giants in the market? ft. Shlok & my brother Neel | IBP EP20,2024-11-21T14:44:21Z
D_wV_gASkqk,Why is Maharashtra going Bankrupt?: Economic Case study,2024-11-16T15:00:07Z
5KBYYvTONNY,"Manyavar vs ZARA, H&M?",2024-11-15T15:21:01Z
L178A6nDt0U,Rich people hide this from You!!,2024-11-15T13:49:24Z
ciCWbcdQUjE,Why Indian farmers are poor?,2024-11-15T05:01:49Z
B_7rWuilFz8,Manyawar's secret strategy,2024-11-14T16:04:31Z
-dqpFtki2uw,Secret of Celebrity weddings!,2024-11-14T15:30:00Z
p_gZtzF2i9M,What Rich people teach their kids?,2024-11-14T14:58:27Z
-tbJl3rrN78,"How did Manyavar become a 30,000 crore company? : Indian Business Podcast Ep 19",2024-11-14T14:03:26Z
TmD8t5XWPJ0,Donald Trump's SHOCKING impact on India? : Geopolitical Case study,2024-11-07T12:30:06Z
AxSm7inYZvo,Farming can make you CROREPATI!!,2024-11-06T10:52:33Z
JydbBDgG58o,Why America and Israel are Afraid of Iran? Geopolitical Case Study,2024-11-05T15:15:20Z
gWwNZGRCDM4,Why is India not a Nuclear Superpower ? | Geopolitical Case Study,2024-11-03T14:50:11Z
C0Cum0Gy2gE,India vs China: Who is winning?,2024-10-30T14:29:20Z
uGfV-g0EvUY,Boult's shocking secret,2024-10-30T14:25:46Z
P-3UoEIX9XA,Why Funding can kill your Business!!,2024-10-30T14:22:38Z
ixfqRWfw0kQ,How to earn using Amazon?,2024-10-30T14:14:13Z
tL9IWnOLnIs,This man makes crores selling burgers!!,2024-10-29T07:54:39Z
FBJf6KiARYo,Strategy to Streamline Supply Chain,2024-10-29T07:52:53Z
0DrAzdRo3RM,Is Make In India Failing? | Case study,2024-10-28T15:01:08Z
r4X_G9AHg8k,There's always money on the table!,2024-10-28T12:02:39Z
T25nNxmn1Ac,Secret to 75000 paying subscribers? | Level Supermind,2024-10-25T12:05:01Z
nNP4o1wE6Vo,How can you make 1cr/year with farming? | BharatAgri Co-founders |Indian Business Podcast EP18,2024-10-24T15:02:00Z
bSx6hDjALkQ,What made Dhirubhai Ambani a Business Genius? | Business Case Study,2024-10-19T14:40:06Z
xJmO3B98DlQ,How to make 40 lakhs per month with  subscription model in India? | Level supermind IBP Ep 17,2024-10-17T14:01:01Z
apYrD2BV7FI,India‚Äôs Quick Commerce revolution?,2024-10-13T13:17:33Z
SYsjllEMlk4,Strategy for Branding?,2024-10-10T12:54:07Z
e2kDcVjEJKM,Swiggy IPO Goldmine or Disaster? Detailed Case study,2024-10-09T15:00:07Z
ZYOtgB2kwX8,Why Starbucks Failed?,2024-10-07T10:40:03Z
4qiwCFXmL6M,Made 750crs selling Earphones?,2024-10-05T06:56:55Z
6KgFW_u4CJw,Why most businesses fail?,2024-10-05T06:56:31Z
EfoXe2a91H4,Lost 55 Lakhs in Mithai business?,2024-10-04T09:31:02Z
iH8IrBG4csM,Boult's SHOCKING Move to Dominate the Wearables Market! | IBP EP16,2024-10-03T13:28:25Z
RaELlvGU_V8,Got scammed by ad agency!,2024-10-03T09:42:08Z
HJ5FD5mqvEU,100cr Sales Strategy of Veeba!,2024-09-29T04:38:30Z
xTh__usZ44k,How Royal Enfield Crushed Foreign Brands?,2024-09-28T14:45:31Z
eqH-TKQa-1Y,Madness Inspires Great Products!,2024-09-28T09:12:39Z
vgjkzFIq_94,Jumboking vs Mcdonald‚Äôs?,2024-09-27T05:30:25Z
hDSn3PuInac,How to make 1cr/year by selling Vadapav and Burgers? | IBP Ep 15,2024-09-26T14:15:27Z
U38tANUftE4,Market research Secret,2024-09-24T08:02:21Z
dg4XYZV5R04,How Veeba got Domino's as a client?,2024-09-23T08:10:42Z
SWyBa1iSkNw,Power of Observation,2024-09-21T07:21:23Z
yF6rTIrlcwc,"Rise and Fall of Patanjali, Whats the future?: Business case study",2024-09-18T13:30:07Z
LEN0L1_qZTo,From Aspiring Chef to MasterChef India‚Äôs Presenting Sponsor,2024-09-18T11:23:27Z
Rt-cRiLZ7MU,How to build 1000 crores sauce company?,2024-09-16T14:18:37Z
n5ipHOFj-Hw,The Surprising Reason VEEBA is Conquering the Indian Food Market? | IBP EP14,2024-09-15T12:30:08Z
T1PLEPTbXc4,India's Secret Weapon to counter China‚Äôs Solar Dominance? : Waaree Energies | Business Case study,2024-09-10T13:30:12Z
MdHLd9BamX0,Why Indian companies are lagging?,2024-09-06T07:38:16Z
gfm93K-K3WI,India's rise to 5th Largest Economy?,2024-09-03T09:29:51Z
rPkT8OvjyDU,Did Nehru‚Äôs policies fail India?,2024-09-02T12:00:12Z
OeHVlN73aKA,How Donald Trump‚Äôs Genius marketing made him the President of USA?üá∫üá∏ : Marketing Strategy Explained,2024-08-30T14:30:12Z
LiFA4CBDYDs,Indian Education is a Scam?,2024-08-29T13:56:30Z
QneQbVzfw3E,Why Kolkata Failed?,2024-08-28T05:15:39Z
G_LdttkVQmI,How Nike Lost $27 billion in one day? : Direct-to- Consumer Business case study,2024-08-27T13:30:12Z
IG36kWLgM6c,Together let's Create safer place for women!,2024-08-26T07:15:19Z
wqxR8Uh3D5o,Can India become the 3rd largest Economy?,2024-08-25T13:54:10Z
3Lgf2WHstBY,How will Modi govt fix India‚Äôs problems? : ft. Sanjeev Sanyal | Indian Business Podcast EP13,2024-08-23T15:30:07Z
vwDfj70PLW4,Challenging Modi‚Äôs Vision for India,2024-08-23T12:31:52Z
bwcQCIUxzak,Europeans are getting sick because life is comfortable!,2024-08-22T14:56:58Z
i-DFjuqslgc,How to hire great team leaders?,2024-08-21T15:12:51Z
GQPymbqa08A,The Rise and Fall of Old Monk | Business Case Study,2024-08-19T14:00:29Z
tykAc024_8o,Is this the end of Adani? Decoding SEBI's response to Hindenburg (Business case study),2024-08-17T15:30:07Z
8HalAzmFrMw,How Odoo is competing against SAP and Zoho?,2024-08-17T14:25:19Z
edn1vCue_9E,Secret of getting rich.,2024-08-16T14:59:38Z
YlrifFTE-Zg,India is the Next global Powerhouse!,2024-08-14T15:46:54Z
Ctolh4idTbc,Power of Autonomy: How  it can help produce amazing results?,2024-08-14T09:33:33Z
MwvNw8LEKRY,How to build a Software Company? | Indian Business Podcast Ep 12,2024-08-13T03:37:08Z
CA-qqh5_g0c,Odoo vs Zoho vs Microsoft : Building Odoo into a 433 million dollar company? :  IBP EP12,2024-08-12T11:30:08Z
sgi_dHS9BvY,Think School Inspiring Kindness!  #pawsofhope,2024-08-08T07:29:09Z
qZXYj4G4vzg,How hosting 2036 Olympics will ruin India? | Economic Case study,2024-08-07T15:30:07Z
q05pgjJA9lQ,Engineers are better at handling online hate and trolling?,2024-08-05T08:32:27Z
TotT_e0nTyw,Instagram vs YouTube: Where should brands invest? Ft. @beerbiceps,2024-08-04T10:01:28Z
Fcammw5Dh2Y,Why UK üá¨üáß is going Bankrupt? : Detailed Economic Case Study,2024-08-03T14:30:07Z
RiH0bMOU3ec,How Ranveer and Viraj started with Monk-E?,2024-08-03T06:52:37Z
Bjqhf9xItd0,Why do brands choose Instagram over YouTube?#brand  #youtube #instagram,2024-08-02T11:27:23Z
_KUgW56gxgE,Achieving massive social media growth!  @beerbiceps,2024-08-02T07:11:28Z
TmpduZwq89Y,Secret of  BeerBiceps Growth?,2024-08-01T06:11:08Z
PWHb-2kFD6U,"Why does BeerBiceps  talk about Tantrik, Yeti and Sex?",2024-07-31T09:54:34Z
XDzIARoudYA,How did cold messaging help Ranveer get @tanmaybhat  ‚Äã‚Å† as a client?,2024-07-30T15:07:55Z
s1sv7iFDdxY,Can Meesho's Business strategy beat Amazon? | Business Case Study,2024-07-29T12:30:07Z
3EmuERXoVfQ,Beerbiceps 0 to 100 cr journey @BeerBiceps !,2024-07-29T12:13:47Z
VNqsEQlW06M,100 Crores Media Giant? @beerbiceps  IBS EP 11,2024-07-28T06:21:30Z
2PUiopS8GrQ,How BeerBiceps became a 100 crores Media Giant?  | Indian Business Podcast : Episode 11,2024-07-27T13:00:08Z
_SAtdVsQgwY,Budget 2024 : Biggest Mistake or a Masterstroke by the Modi govt? | Complete analysis,2024-07-25T15:31:12Z
jLSWPNPSoFs,Was the Ambani Wedding a Genius strategy or just a Show of Extravagance? : Marketing Case study,2024-07-18T15:00:12Z
CaM10wZT4p0,Why is Ferrari the greatest car in the world ? | Documentary on Enzo Ferrari,2024-07-16T14:00:06Z
Osj5BaAfj84,Can Modi 3.0 beat Germany? : Indian economic case study,2024-07-10T13:30:09Z
BnLN8SgLAXY,Did Modi really kill black money in India? : Economic case study,2024-07-07T15:00:12Z
wwWYtEQZvoU,Hyundai IPO decoded in simple words :Business case study,2024-07-05T11:45:06Z
RBhy8TvWq3k,How a Poor boy became a Billionaire by selling bags? : Louis Vuitton Business case study,2024-06-26T14:45:08Z
YUm8pIg96n0,Is Real Estate industry going to grow? #thinkschool #realestate #entrepreneur,2024-06-22T13:21:47Z
gpy8NgRPvVM,Business ecosystem in late 1970? Ft. Niranjan Hiranandani.,2024-06-19T13:44:25Z
cYgufa8c14A,GOLD prices are rising. Is it KILLING the US Dollar ? : Geopolitical Case Study,2024-06-18T14:00:08Z
fYsDTZd2BAk,Quality is not expensive! Do you agree with this?,2024-06-16T12:08:29Z
1kOEONLz5xA,How to build a Real Estate Empire? : Niranjan Hiranandani Reveals Secrets & Strategies | IBP EP 10,2024-06-11T14:00:07Z
fPsvjCjvC6Q,How BJP‚Äôs Genius marketing strategy turned it into a political superpower in India? : Case study,2024-06-05T15:30:08Z
AnOqz5TsumU,How MBAs failed Boeing ? : Business Case study,2024-06-03T13:00:08Z
6JpQnaS3xx4,3  Things that helped OYO grow! Ft. Ritesh Agarwal!  #business #thinkschool #podcast,2024-06-02T13:59:56Z
Zd_r9ZWrEIM,Power of Small Businesses in India? #business #podcast #indianbusinesspodcast,2024-06-01T10:22:34Z
Stgu5U3eHfQ,OYO almost went Bankrupt? #thinkschool #business #podcast,2024-05-31T11:54:42Z
TdQ2UD-U9rQ,"@-RiteshAgarwal  discusses SECRET Business Strategies, OYO Bankruptcy and Peter Thiel on IBP Ep 9",2024-05-30T13:15:09Z
frRxIXLjiRA,Gap between rich and poor increasing so much?  #business #indianbusinesspodcast #education,2024-05-28T09:23:28Z
OGs2YsqvWDg,Blinkit‚Äôs Genius Strategy that stunned Amazon | Business Case Study,2024-05-24T13:00:08Z
k8ms3CfJFLE,Congress dictatorship?,2024-05-21T15:46:09Z
Ayy-__ghfUI,How Jaishankar made India powerful using India Middle east corridor? : Geopolitical Case Study,2024-05-20T14:00:08Z
uKO8tk3_itQ,"FM opens up on North vs South, Congress,GST, IncomeTax & India‚Äôs Economy| IBP Episode 8",2024-05-19T12:00:08Z
m_VtA-wY2XM,Kerala‚Äôs Economic Disaster! #business#kerala #indianbusinesspodcast,2024-05-15T14:39:52Z
AvgXbmlg-j8,Ex-Congress MP Milind Deora Reveals why Modi‚Äôs Vision is the way to go for INDIA? IBP Episode 7,2024-05-14T12:30:08Z
B18KBeiwgas,Dr. Shashi Tharoor on Indian Business Podcast Episode 6 #thinkschool #business,2024-05-12T12:38:11Z
bPiLfeQtavQ,Can UP become 1 Trillion Dollar Economy?,2024-05-11T12:09:45Z
bQMG4fJZiAk,Why Congress is giving Freebies& MSP? How did Kerala's Crisis happen? ft Dr. Shashi Tharoor: IBP Ep6,2024-05-10T08:30:08Z
pEdAfWuxNAc,Questioning the power of BJP!,2024-05-06T13:30:33Z
fQCKKkEJxtQ,How did BJP become a Political Superpower? | ft. Shantanu Gupta : Indian Business Podcast| Episode 5,2024-05-06T08:30:06Z
fT31gishayc,Finding a Great cofounder! Amit jain #entrepreneur #business,2024-05-03T05:34:49Z
dKaklg_-Zu8,What is BJP promising in 2024 elections? : BJP Manifesto Explained in Detail,2024-05-01T12:00:08Z
J0-jml2d7d0,Every founder must know this,2024-04-29T03:54:13Z
CIa69FCphBA,Dhoni‚Äôs leadership style,2024-04-27T11:53:44Z
TltOBVPH3Ec,Spending Hack that will save 20%!,2024-04-26T13:12:18Z
Dq_lv8G3KmE,Understanding the gaps in the STUDY ABROAD MARKET?,2024-04-26T12:30:08Z
cDb_GvOTJjo,1000 cr marketing for free strategy,2024-04-25T10:00:22Z
qrb7OVkgYts,Funding is a scam? #funding  #business  #startup,2024-04-24T09:13:36Z
Voqn4wKlCoM,Richest Shark in Shark Tank,2024-04-23T08:28:13Z
3SnOmNwqgLc,How to put a business on autopilot? : ft. Amit Jain of Car Dekho: IBP Ep 4,2024-04-22T15:00:07Z
uG5eVDYW3zQ,Marriage mistake  #family #love #thinkschool,2024-04-22T10:58:16Z
31pjPjNQDF8,Mother‚Äôs love. Dr. Velumani #buisness #travel #mother,2024-04-21T10:04:33Z
bbuT1-PlzPo,How franchising model became breakthrough for Thyrocare!,2024-04-20T12:34:41Z
E44z6j4TMjU,Earn 3cr per month,2024-04-19T14:03:10Z
HX7gmiECrPw,The power of Focus in Business,2024-04-18T12:57:24Z
RGW_v4Gbv9o,Secret of Rich??,2024-04-17T11:03:08Z
mxgvmEOh0vo,"Man who made 3300 crores saving lives, Dr. Velumani, founder of Thyrocare.",2024-04-16T11:13:01Z
FK7Chd_XNwU,From Poverty to 3300 crores. How Dr.Velumani built Thyrocare? | Dr Velumani |IBP Episode 3,2024-04-15T03:30:05Z
Hur59sjE5wo,Where has BJP failed during the Modi Era? : Decoding the ‚ÄúBLACK PAPER‚Äù of the Indian Economy,2024-04-12T11:00:07Z
MEqLSRGnJD4,There is a thin line between get a mentor and getting an advisor. Do you realise it?,2024-04-11T13:31:08Z
Q073TTZx7aM,Did Russia win the war against US & EU? Economic Case Study,2024-04-09T14:00:07Z
E7Vk-02sUwA,To improve your fitness and address any health issues check out AIWO Health,2024-04-07T09:39:45Z
7CSjpS-_maY,India's road to 5 trillion economy? #businesscasestudy #indianeconomy #geopolitics #buildindia,2024-04-03T12:39:56Z
zYJPLD0UrLw,Nitin Gadkari on Chhatrapati Shivaji Maharaj,2024-04-01T15:05:01Z
iqs1qw80rUs,Can India beat China in the Energy race? : Detailed Case Study,2024-03-31T14:30:07Z
j7u7AErcYB8,Why is Kerala Falling Into an ECONOMIC crisis? Why did Supreme Court intervene? Explained in Detail,2024-03-29T14:00:07Z
ba9TJFBdFQ8,"Nitin Gadkari breaks his Silence on Electoral Bonds, Farmer protest & his Vision for India: IBP Ep 2",2024-03-28T13:30:08Z
OBY2L3fUP1A,How IBC changed Indian Banking Forever saving 3 Lakh Crores ? : Economic Case Study,2024-03-26T14:39:07Z
Z2uCmS3qgpo,Why is Bajaj betting on CNG while everyone else is focused on EVs?: Business Case Study,2024-03-22T13:30:07Z
_NTh5l9HJBY,Electoral Bonds : Biggest scam in Indian History? : Explained in 15 mins,2024-03-18T14:00:06Z
fY0L4HwovIU,Why Mumbai-Pune Expressway is a Lifeline for the Think School Team?,2024-03-16T12:32:51Z
ijUZnhYv8CQ,How JIO‚Äôs Masterplan Beat Disney & became the King of Indian OTT? | Business Case Study,2024-03-14T14:00:07Z
TXaRvGshcM8,How Did Adani Group Bounce-back from the Hindenburg Fiasco? Detailed Business Case Study,2024-03-11T14:30:07Z
8C1cqsTpxXk,5G Revolution: How can you benefit ?,2024-03-10T06:33:35Z
hjVama9Id8M,Can MODI‚Äôs GOLDEN TEAM hit the 10 Trillion dollars GDP dream for India? : Economic Case Study,2024-03-06T14:30:10Z
AuDbtP_iCJ8,Aam Aadmi Party Honest Report Card : Did they really change Delhi? : Political Case study,2024-03-03T13:15:16Z
BanDS5A-hLU,Guide to make your product addictive : Duolingo Business Case Study,2024-02-29T13:30:10Z
Snx57b5p5VU,Are Farmer demands BASELESS or is the govt exploiting the farmers? : MSP Economic Case Study,2024-02-26T15:00:07Z
yr7jI2tmx14,Must Watch: Oyo‚Äôs Ritesh shares a personal story about how he solved his customer‚Äôs problem!,2024-02-26T09:30:29Z
BxggXhUDhxs,Why Radhika Gupta‚Äôs Edelweiss does not have a MOAT? How are they differentiating themselves?,2024-02-24T06:47:05Z
gaJR-aMqAnY,How RBI saved India from a Banking Crisis? : Economic Case Study,2024-02-23T12:30:10Z
_2YM7EWvItw,How Vineeta Singh helped the Quirky Naari 10X their revenue from 5L to 50L?,2024-02-21T11:51:19Z
CnaFfKV625c,"Shark Tank Investments & Pitching ft. Ritesh, Radhika and Vineeta | Indian Business Podcast | Ep 1",2024-02-19T13:30:30Z
iUF-Wh1Iu7w,Decoding the WHITE PAPER of the Indian economy? : Economic case study,2024-02-16T14:30:10Z
AZf9bOKjzv4,How KEJRIWAL‚Äôs GENIUS strategy beat BJP & Congress & made him the KING of Delhi? : Case study,2024-02-15T14:30:11Z
kGO4J6g3aQA,Indian Business Podcast coming soon ‚ù§Ô∏è,2024-02-13T13:34:36Z
7JXkKVA5RAA,Will Paytm CRASH or Make a COMEBACK? Why is RBI hitting Paytm? :Business case study,2024-02-05T14:00:11Z
ow5LxMPuRz0,Why India has a POOR CREDIT RATING Despite being the fastest growing ECONOMY? : Detailed CaseStudy,2024-02-02T14:00:11Z
-98fnc4VAo8,How A Poor Boy Built A 2000Cr Dairy Company And Beat Giants: Business Case Study,2024-01-28T14:00:09Z
HtUiNw8K3XE,What is the HIDDEN SECRET behind the Iran-Pakistan Conflict : Geopolitical Case Study,2024-01-23T15:30:08Z
eCoOsDrbics,Why Gujarat‚Äôs Gift City is a GAME CHANGER for INDIA? : Economic Case Study,2024-01-19T13:30:07Z
e58amA-TqiM,The Honest BJP Report Card (Analysed with Stats): Were the Promises Fulfilled?,2024-01-16T15:00:09Z
b9rLMlN5QnU,The Genius Strategy of Coca Cola to beat Pepsi | Business War: PEPSI VS COCA COLA,2024-01-07T15:34:11Z
zQx5yJsIBWo,OLA Electric: Is there any future in India?,2024-01-05T14:39:10Z
nqqPFXv8pAk,How the Red Sea War will affect the Indian Economy? EXPLAINED IN 8 mins,2023-12-30T14:30:07Z
wm86VOSf3rc,Is Gujarat model a Miracle or a Disaster? : Indian Governance case study,2023-12-24T15:30:11Z
s8NWNIGObjU,What's happening to BYJU'S? : Business Case Study,2023-12-21T14:30:08Z
fubBvMdSWjE,Can Google Gemini beat ChatGPT? : Google vs Microsoft Business case study,2023-12-15T16:00:09Z
pQfUPjo2RQs,Was Abrogation of Article 370 good for India?üáÆüá≥ : Political Case Study,2023-12-14T15:10:06Z
0QWC_N6Hi5s,Is India Winning or Losing the Electric War?: Business Case Study,2023-11-30T14:30:11Z
QP20QMad1eE,How WeWork's SHOCKING Mistake made it go BANKRUPT from 47 Billion dollars? : Business Documentary,2023-11-20T14:00:11Z
_2-JIfqStOc,How Adani‚Äôs Genius strategy of Transhipment Port is making India powerful? : Business Case Study,2023-11-17T14:00:08Z
ocdFuuAaApE,What India needs to learn from Turkiye's economic crisis? : Economic case study,2023-11-08T14:46:11Z
J-V7wR4YPOw,This Secret B2b Company Makes 400 Crores Per Year By Helping Zomato And Uber: Business Case Study,2023-11-03T15:00:10Z
zUGw-Sl8Fho,Best travel Credit card!! Go Niyo. #travel #Niyo #dubaitravel #bali #Niyoglobal #,2023-11-03T11:15:53Z
0DlSRxEq0W4,Why is India going against MALDIVES? Secret to PM Modi‚Äôs Lakshwadeep Visit? : Case study,2023-10-31T13:30:14Z
A8jyW_6hCGU,How Taylor Swift Became A Billionaire ? The Music Industry Business case study,2023-10-23T14:30:07Z
cT93a0ENcqg,How Israel-Palestine War could Shake the World Economy? : Geopolitical case study,2023-10-11T16:00:08Z
7WcCeymKCq4,Can Nitin Gadkari fix the Highway crisis of India? : Economic Case study,2023-10-09T15:30:07Z
qJleik1x5k0,Karnataka vs Tamil Nadu : India's longest water dispute explained in 15 mins.,2023-10-06T14:30:11Z
ddBooxrxp10,Why is Canada's Fight with India a Big Money Problem? No One's Talking About This!,2023-09-29T11:30:10Z
GMGGQZ9vmb0,Can football save Saudi Arabia from an economic crisis? : Geopolitical Case Study,2023-09-23T13:06:12Z
XROJVbaU2qo,India‚Äôs Airforce and Army will be reinforced by this amazing tunnel in Kashmir! #geopolitics #india,2023-09-18T06:35:41Z
SfiD81EdbMs,Why is Indian Logistics failing against China? : Logistics case study,2023-09-17T13:00:08Z
XYOZ4RzrHW0,Airtel will beat JIO? What no one is Telling you about the Jio vs Airtel vs Tata Telecom Wars!,2023-09-08T14:30:11Z
2EDKXh9g85M,India's Solar Mission  #geopolitics #motivation #indianarmy,2023-09-03T07:17:47Z
1WYWwE4Axd8,Russia vs USA vs India : SPACE WARS,2023-08-25T15:15:10Z
KYFdxuLFVyQ,Why is the Indian Economy bleeding talent? Socio-economic case study,2023-08-20T14:30:07Z
ApujieOR0bI,Thank you IIM Bangalore ‚ù§Ô∏è,2023-08-18T14:22:32Z
cftToIr9sAo,How EMIRATES is WINNING when Other AIRLINES are going BANKRUPT?,2023-08-15T12:45:11Z
qQPRWA9JNNQ,This SECRET Brand is KILLING Nike and Adidas in India? | Decathlon Business Case Study,2023-08-11T14:30:07Z
ASKcuptRfyY,How to sell costly clothes by telling a Story?,2023-08-07T13:30:03Z
SCBH4gqZy8s,How Fogg (the deodorant) used a Simple Marketing Strategy to beat brand AXE?,2023-08-05T12:56:54Z
Vx4hyGpzVyI,How did INDIA Take Control of The DIAMOND INDUSTRY of the World? | Business Case Study,2023-08-04T14:35:07Z
i7Dwe2qm__M,What's wrong with Indian Rupee? | Geopolitical case study,2023-08-01T15:30:11Z
GuGETeTpdM0,A big blow for India‚Äôs semiconductor industry!!! Share this! @ThinkSchool,2023-07-27T03:22:15Z
yzDF_KX4Zjg,How Masters union is building a Harvard for India? : Business case study,2023-07-24T14:30:08Z
WRrO_waBdD0,A new twist in the Airtel vs Jio Saga!,2023-07-21T15:13:30Z
uZm1au4W7tA,How did Dr Velumani turn Thyrocare into a 3000 crore company? : Thyrocare case study,2023-07-19T15:00:11Z
31rAi_XvyNU,Ambani is WINNING this Industry SECRETLY!,2023-07-14T15:30:08Z
n60GZmfFde8,This Indian Brand is ruling the Wine market of India? :Sula wines case study,2023-07-02T12:30:11Z
HAsBtOjGOYQ,Building a MILLION DOLLAR Global Brand from Madhya Pradesh: How?,2023-06-28T14:30:08Z
fLXsf4SWdsI,The New GAME Changer technology for India: REVEALED!,2023-06-21T14:30:10Z
fkgJFRHS26g,The SECRET Superpower of India they HIDE from you!,2023-06-17T14:30:12Z
le_o1UklXUs,What's wrong with Chinese Economy?,2023-06-08T14:30:11Z
qapDyBW_S-w,Economic CRISIS in America: Big Signal for India?,2023-06-02T14:30:10Z
cjhlcIOgUy4,How Bangalore became the SILICON valley of Asia? | Business case study,2023-05-18T14:30:12Z
hOX0YQXTc_E,Why Gofirst Bankruptcy is a GENIUS business strategy? | Business Case Study ‚Äã‚Å†,2023-05-13T14:00:09Z
098cgN5PH0s,Has BJP Failed Karnataka? | Karnataka Model Case study,2023-05-07T15:00:07Z
m0EMukYrJNA,Big Win for India over China! : Matarbari Port Bangladesh @ThinkSchool,2023-05-06T11:54:07Z
tfIJd7hwIv0,Steve Jobs‚Äô Secret Design Strategy for Apple Stores EXPLAINED @ThinkSchool,2023-05-04T14:18:25Z
417CAf5OQvQ,Why Apple Inc. chose INDIA over CHINA? @ThinkSchool,2023-04-28T11:47:35Z
VzUmLAUPSQo,How AI will KILL Indian businesses? : Business case study,2023-04-27T15:00:10Z
BlDYS_2X5wI,How Ratan TATA‚Äôs GENIUS strategy is turning TATA Tech into a LEGEND? : Tata technologies case study,2023-04-09T14:30:09Z
0PluOhrvB3A,How USA‚Äôs evil MONEY PRINTING strategy is killing the world economy?,2023-04-04T14:00:09Z
kyCopA4K41w,How did Credit Suisse fail so fast? What can Indians learn from this Economic case study?,2023-03-27T13:30:08Z
Vh8FaokLWus,How INDIAN SUPER CROP MILLETS can make Indian farmers RICH? : Millets ft @digvijaylifestyle,2023-03-22T12:30:08Z
wO7copUXogI,How did Silicon Valley Bank fail? : Business case study,2023-03-15T15:00:09Z
YWara0eQsDk,How Putin‚Äôs Genius STRATEGY is making RUSSIA SUPER-POWERFUL? : Geopolitics Case study,2023-03-09T14:30:08Z
7TcG9cPj2gA,How Paytm is secretly KILLING Phonepe and Bharatpe? : Detailed Business CaseStudy,2023-03-05T15:00:09Z
EZkZe-BuXf8,How Lithium Ore discovery in J&K will be a game changer for India? : Can India Replace China?,2023-02-24T14:00:10Z
WD2nz_IKyJM,How India fooled America and Pakistan to become a NUCLEAR POWER? : Geopolitical case study,2023-02-21T14:30:11Z
KDsGPYETAd4,How Sikkim‚Äôs GENIUS strategy turned it into the fastest growing state in India?: Case Study,2023-02-19T14:00:09Z
2nIRHB3FtOc,How Vajpayee‚Äôs MASTERSTROKE saved the Indian economy? : National Pension Scheme case study,2023-02-16T14:00:08Z
IIv7SNc3Ass,What's happening in North East India?,2023-02-14T12:30:10Z
iw5AdKOM-IU,Budget 2023 EXPLAINED in 20 mins in SIMPLE WORDS : Economic case study,2023-02-08T15:00:10Z
4WSAeT_XDaI,Hindenburg has Killed Adani Group?: Decoding Adani‚Äôs response to Hindenburg (Business case study),2023-02-04T15:00:11Z
wO28dHUQusU,How Adani's Genius strategy made him the KING of Indian ports market? : Business case study,2023-01-30T14:00:10Z
laeodkCLGaI,How Saudi Arabia is HIDING its own Downfall? :Geopolitics Case Study,2023-01-28T14:30:07Z
HC5-z8kNC4c,How to Sell Anything in India? Cycle Pure Agarbatti Detailed Business Case Study,2023-01-24T12:48:46Z
r7JPdtYx4sg,Why RBI and Modi govt are failing to control inflation? : Indian Economics Case study,2023-01-19T14:30:10Z
JvNUTGivuxg,Why Taliban is Capturing Pakistan? What it means for India? : Geopolitics Case Study,2023-01-12T14:00:08Z
QRGO9wvNPQc,How Nykaa‚Äôs Genius Financial Strategy Backfired? : Nykaa Business case study,2023-01-07T14:30:09Z
Ko3K8Duq4Eo,The Oil war between Russia vs USA and Europe Explained | How will it change India? : Geopolitics,2023-01-03T14:00:08Z
bpjKmJnRPV8,How Tamil Nadu's Socio-Economic Model Made it the 2nd Richest State in INDIA (GDP) : Case study,2022-12-25T14:30:11Z
PPsqTl5o3VQ,Pakistan Civil War: Will this mark the END of Pakistan? : Geopolitical Case Study,2022-12-23T14:45:09Z
OKQDst5GUc0,The Death of BNPL (Buy Now Pay Later) Startups? : Multipl Business Case Study,2022-12-16T13:30:11Z
7UdCt_Rsevk,How did China go from POVERTY to becoming a GLOBAL SUPERPOWER? : China Growth case study,2022-12-09T14:35:10Z
zawAVCpQNgg,BJP's Governance Analysis of Gujarat : Gujarat model case study,2022-12-02T14:30:06Z
ynVikeFUvW8,How Qatar is using secret strategy to rise in POWER : Qatar World cup Case study,2022-12-01T13:30:10Z
rfZ7u-ecfEg,How Saudi Arabia Joining BRICS can shift the world power? : USA vs Saudi Arabia Explained.,2022-11-25T14:45:08Z
ycLO5Oa5ZI8,Why Telecom Draft Bill 2022 is a disaster in the making? : Telecom draft bill 2022 Case study,2022-11-18T14:30:07Z
1qEZwj_Iacw,What is India's SECRET strategy to build the BEST HEALTHCARE network in the world ? : UHI Case study,2022-11-16T14:00:10Z
3Oo9tEo6F6g,America's EVIL Masterplan!,2022-11-12T14:30:08Z
07yMvq5WxAs,Can RBI's Digital Rupee Initiative help INDIA beat the USA‚Äôs SWIFT Network Dominance?,2022-11-05T14:00:10Z
GzXurOLwXMY,How USA's evil strategy KILLED Japan's economy? : Japan's economic crisis EXPLAINED in simple words,2022-11-01T14:30:09Z
mDRom6ahzsA,How Germany's SUBSIDY WAR is BREAKING the European Union and helping Russia? : Economic case study,2022-10-29T14:30:08Z
ALmSPw2EKjg,How Yogi Adityanath's STRATEGY is turning Uttar Pradesh into a Mega Export Hub? :Business Case study,2022-10-25T14:30:07Z
py0cfqlhTp8,How GATI SHAKTI MASTERPLAN will help India SNATCH factories from China? : Logistics Infra case study,2022-10-22T14:30:07Z
akZ2R4RDDpY,How GST has CHANGED/ MESSED UP the Indian Economy?: Economic Case Study,2022-10-19T13:30:10Z
aGVtLubW9q0,How Saudi Arabia & Russia are crushing the US and UK economies? : Saudi Arabia vs USA,2022-10-14T14:30:18Z
7lqGQ17A2c4,How Adani Vs Reliance Vs Airtel's 5G Race shape the future of India? : 5G Business case study,2022-10-11T14:30:10Z
cXFn7FBgktA,Why is Europe facing a BANKING CRISIS like 2008? : Credit Suisse Crisis Business case study,2022-10-07T14:30:11Z
OqKu8Lxnzro,How UK committed Suicide with its Economy?: UK economic crisis Explained in simple words,2022-10-04T14:30:10Z
HofmLFn6MTo,How US Recession will Shake the INDIAN ECONOMY? : Economic case study,2022-10-01T14:30:11Z
ec9Nwka9kBg,How did Israel become SUPER POWERFUL & What India needs to learn from it? : Geopolitical Case study,2022-09-27T14:30:11Z
M9bhCVqGaOI,How NATIONAL LOGISTICS POLICY will be a GAME CHANGER for Indian Economy? : Business case study,2022-09-23T14:30:13Z
tTlwfnZAdQk,Why is China taking over Indian BORDERS and what is INDIA doing? : Geopolitical case study,2022-09-16T15:00:11Z
r7x_Xa0b5nk,How RAPIDO is secretly STEALING OLA and UBER's profits to break the duopoly? : Business Case study,2022-09-13T14:30:10Z
ST53gYEX_nY,What Schools don‚Äôt teach you about Chhatrapati Shivaji Maharaj? : Case study,2022-09-10T12:30:10Z
asntNnmjyDI,How America's Strategy built the GREATEST ARMY mankind has ever seen? : Geopolitical case study,2022-09-02T14:30:12Z
t8FunWBwmqg,How Russia-China's ECONOMIC STRATEGY is CRUSHING the DOLLAR? : CURRENCY WARS Case study Ep 2,2022-08-30T14:00:13Z
OO_t9KhVg0U,How China‚Äôs SPY SHIP STRATEGY  is Killing India‚Äôs Security? : Geopolitics Casestudy,2022-08-27T13:00:16Z
hrcuXm9H5VI,How TALIBAN's WAR STRATEGY defeated the US Army in Afghanistan? : Geopolitical case study,2022-08-24T14:30:14Z
-dQwiYE51sU,Why INDIA is scared about ISRAEL-PALESTINE conflict? : ISRAEL-PALESTINE EXPLAINED,2022-08-19T14:30:10Z
22NDH6OTCpU,DECODING China's WAR STRATEGY to invade Taiwan against USA & Japanese Army?: Geopolitical Case study,2022-08-16T14:30:13Z
Rp5QLemo6E8,What Schools DONT teach you about HOW Sardar Patel Unified Kashmir & Hyderabad? : Case study,2022-08-13T12:30:11Z
-MB6FdKyJmg,How Zepto/Dunzo's BUSINESS STRATEGY is CRUSHING Dmart and Reliance? : Retail Business War EXPLAINED,2022-08-09T14:00:09Z
cW6_C7mqQYY,How America's STRATEGY made US DOLLAR the MOST POWERFUL CURRENCY in the WORLD? : Case study,2022-08-05T14:30:11Z
tgFEFEOisAI,Why US-China are preparing for WAR over Taiwan? : Geopolitical Case study (Recap Episode),2022-08-02T14:00:11Z
IBbz8sjVz6I,How Putin's WAR STRATEGY is KILLING Europe and US? : War Strategy Case study ( Russia vs Europe),2022-07-29T14:00:16Z
FxiZRYJTEo0,What India needs to learn from the Chinese Economic Crisis? : Chinese Evergrande Crisis,2022-07-26T14:30:11Z
RJRYLrkvOyA,How ADANI's Genius/RISKY DEBT STRATEGY fuelled the SUPERFAST expansion of ADANI Group? : Case study,2022-07-23T12:30:11Z
WP0X1R_z7yI,How Ratan TATA's GENIUS STRATEGY is racing it past Hyundai & Suzuki in India? : Business Case study,2022-07-19T14:30:13Z
icjoSeNEOx0,How RBI's STRATEGY will KILL the US DOLLAR dominance in the world economy? : Rupee Vs Dollar War,2022-07-15T14:30:11Z
yPo7mq27jEg,RBI DETAILED State Report Explained in Detail: Are Indian states going BANKRUPT like SRI LANKA?,2022-07-12T14:30:11Z
k-51exmR9R4,Why are Indian Startups Failing Miserably? : Business lessons from Indian start up Crash EXPLAINED,2022-07-08T14:30:09Z
LwnApD9YXNY,Why BUY NOW PAY LATER Cards are facing the heat from the Regulators? : DARK side of BNPL,2022-07-05T14:30:11Z
9SmS3qLe00k,How JAPAN's SECRET STRATEGY made it SUPER RICH even after USA's Nuclear Attack? | Lessons for India,2022-07-01T14:30:14Z
LYs4b3fTX7Y,Why is OLA's BUSINESS MODEL Failing MISERABLY in India? : Business case study,2022-06-26T12:30:11Z
LJGb2qCNyzM,How AGNIPATH will Change the FORTUNES of Indian Armed Forces? : AGNIPATH SCHEME Explained,2022-06-23T14:30:12Z
BIn1AzZsQUU,How USA uses the EVIL WAR strategy to Manipulate the World? : US War Business strategy exposed,2022-06-21T14:30:10Z
sZmNdXZjKgs,How UPI's Bold Business STRATEGY will KILL VISA and MASTERCARD? : UPI CREDIT LINKING EXPLAINED,2022-06-17T14:30:10Z
kotO3sUv-xo,How Ratan TATA's brilliant business STRATEGY made it the KING of Indian AC market? : Case study,2022-06-14T14:30:15Z
VPFGqmFTKSM,Why are GIANT Edtech companies FAILING in India? : Edtech Crash Case study,2022-06-10T14:30:12Z
MSncugJvSa4,ADANI's Genius BUSINESS STRATEGY to become CEMENT KING of India? : Adani Ambuja Business Case Study,2022-06-07T14:30:09Z
FPj5gTT4j_A,EXPLAINED: How fall of a currency value affects a country? : Using Case study of China and Nigeria,2022-06-03T14:30:12Z
PZEQnCaGxgw,How Andaman and Nicobar's Military STRATEGY is making India UNBEATABLE? : Geopolitics Case study,2022-05-31T14:30:13Z
t_qNc56FwsU,How Bangladesh's Secret STRATEGY made it RICH? : Business Case Study,2022-05-27T14:30:11Z
sBBMRBVvVis,Will ONDC KILL Zomato & Swiggy? : Business case study,2022-05-24T14:30:14Z
BiO2WRPBzSA,Why is India facing a power crisis despite having the 5th largest Coal reserves in the World?,2022-05-21T14:30:13Z
h7xd2PqtglQ,How Adani got RICH after Palm Oil crisis ? : Edible Oil crisis Case study,2022-05-18T14:30:12Z
I7vz7Ym82_4,How India is TRAPPING China with its Military STRATEGY? Geopolitics EXPLAINED,2022-05-15T14:30:14Z
_VdKPmtzuqs,How BANGLADESH became a SUPER FAST growing Asian Economy? : Bangladesh Growth case study,2022-05-10T14:30:10Z
UE-Y6W4p8k4,How American Ultra Rich saved Tax worth 1 Trillion dollars? : Business Case Study,2022-05-03T14:30:10Z
Rh30CfP7ncA,Why NITIN GADKARI is pushing GREEN HYDROGEN for Indian Industries : Policy Case Study,2022-04-29T14:30:11Z
8352JG8CCoE,How China is TRAPPING INDIA using Pakistan & Sri Lanka? :Geopolitics Case study (China's Trade plan),2022-04-27T14:30:32Z
Wlgk8XXHWuA,Was BSNL KILLED by the Powerful people of India? : BSNL Tragedy Case Study,2022-04-23T14:30:11Z
SGpTBKbGcQ8,How PAKISTAN Destroyed its Economy?Pakistan's Economic Crisis case study,2022-04-19T14:30:13Z
urLoa8PkQpU,How Tanishq HACKED the GOLD Market of India : Titan & Tanishq (A TATA Product)  Business Case Study,2022-04-15T14:30:13Z
H3Z7bFXfMAU,How China SECRETLY Killed Sri Lanka ? : Understanding China's Master plan Ep 1/3 Case Study,2022-04-12T14:30:10Z
eLT1To94V-Q,Ratan TATA vs Reliance: How TATA NEU App's BUSINESS MODEL will change the game for TATAS?,2022-04-08T13:30:13Z
kXvwHAeWYqs,Dream 11 : Exposed | Business Case Study,2022-04-05T13:45:14Z
iLY_5DMndWY,How did IPL's GENIUS Business Model make it a MONEY MACHINE FOR India? : IPL Business case study,2022-04-01T14:00:12Z
JkIxbnhMrTw,How did the INTERNET MAFIA kill Mozilla? : Business case study Mozilla vs Microsoft/Google,2022-03-29T14:00:11Z
WKdrVVv70dk,How did Ratan TATA build TITAN into a $31 Billion company? : Titan Watches Case Study,2022-03-25T14:00:12Z
WWpSZY1RAAM,"How HAVELLS BUSINESS strategy made it a GOLDMINE stock with 70,000% returns : Case Study?",2022-03-22T14:00:12Z
iQRe7OHtHXg,"How did scammers game the LARGEST STOCK EXCHANGE in India to make 50,000cr? : NSE Scam Explained",2022-03-18T14:30:11Z
WnfqgKTz3fk,Why is the USA manipulating India & the World about Russia-Ukraine war? : Geopolitical Case Study,2022-03-11T14:00:14Z
-DE7KXOK_qU,How did a Woman born in India become the CEO of PEPSICO & transformed it? : Women's Day Case Study,2022-03-08T14:00:13Z
dVtnSPZn6BU,How LIC's Agents Changed India FOREVER turning it into a 22 Lakh Crore Company ? : LIC Case Study,2022-03-04T14:00:12Z
3rHfD9IB-24,Think School's Youtube STRATEGY to go from 0 to 1 Million subscribers | Think School Case Study,2022-03-01T14:00:10Z
vgV9HNuUxKY,How ABG Shipyard pulled off the BIGGEST Banking Fraud in Indian History? : Business Case Study,2022-02-25T11:14:40Z
B_AY4a3_-GQ,How India's MASTERSTROKE with Rupay is killing VISA and is changing India? : Business Case Study,2022-02-22T14:00:11Z
cbTEAeteaI8,"How Pidilite's STRATEGY made it a GOLDMINE stock giving 14,000% returns? : Business Case Study",2022-02-18T14:30:11Z
jRRpGLy0TBg,How Mankind's GENIUS STRATEGY turned Preganews into a Market Leader?: Business Case study,2022-02-16T14:00:09Z
Paux1v1E2pY,How Wint Wealth is dominating the Bond Market? : Detailed Case Study,2022-02-08T14:30:12Z
j7vhuQ_GzvQ,How Ashneer Grover's GENIUS STRATEGY turned Bharatpe into a $2.8 Billion company?,2022-02-04T14:00:12Z
5LGvQaYB67I,How HDFC's Genius strategies KILLED the Banking Monopolies in India? : Business Case study,2022-02-01T14:00:11Z
31UVvKEYO6k,How Aman Gupta's MARKETING STRATEGY turned Boat into a 1500CR Company : Business case study,2022-01-28T14:00:09Z
Wf6X-50OQdE,Netaji Subash Chandra Bose: What Schools don't teach you about India's Real Hero!,2022-01-21T14:00:13Z
t-VpFrqd0W0,How METAVERSE will CHANGE your LIFE? : Business Case Study + a Special Clip Attached,2022-01-18T14:00:13Z
C2tjnJOy7Hw,How iPhone is Killing Apple? What is Tim Cook's STRATEGY to fix it? : Business case study,2022-01-14T14:30:15Z
M9L72ssQAmU,"How JOCKEY's STRATEGY made it a MULTIBAGGER with 14,000% returns? | Page Industries Case Study",2022-01-11T14:00:12Z
cQotN8sAhSM,Indian Government's MASTERPLAN to take control of the SEMICONDUCTOR CRISIS by beating China,2022-01-04T14:00:13Z
upoKb50FiC4,Mensa's GENIUS E-Commerce strategy that made it the fastest unicorn in Indian BUSINESS HISTORY,2021-12-31T11:30:12Z
vkrBQCQLQG0,"How Gaming became a $180,000,000,000 Industry? | Evolution of Gaming Part 1: Esports Case Study",2021-12-24T14:00:14Z
7QOLDRY_Uk4,How INDIGO AIRLINES became a MONOPOLY in Indian Aviation business | Monopoly series EP 3,2021-12-21T15:00:09Z
tI9fRLNmNkY,How DELL KILLED the IBM MONOPOLY? : Dell vs IBM Case Study,2021-12-18T12:30:13Z
X-CLMLrHcqU,How India is fighting China in the Solar wars : Geopolitics Case Study,2021-12-14T14:00:14Z
r5OCFaXqS5I,How MAGGI's GENIUS Marketing Strategy made it a Market Leader?: Nestle Business Case Study,2021-12-10T14:00:11Z
jGT6ob8hV6M,How Asian Paints Built MONOPOLY in the Indian market? : Indian Monopolies EP 1,2021-12-07T15:15:13Z
yxC9kgS8lnQ,The GREAT INDIAN SPORTS WAR : Puma vs Adidas vs Nike,2021-12-03T14:30:14Z
K-ZPmQZn9eY,The Future of Insurance in INDIA : Shared value model (Using business case studies),2021-11-30T14:00:11Z
8tBuAM0XHmY,How KERALA's MARKETING STRATEGY changed Indian Tourism FOREVER? : Tourism Case Study,2021-11-26T14:00:12Z
-NtB3rf8paE,Zomato‚Äôs SECRET Plan to Become Profitable: Zomato Hyperpure Business Case Study,2021-11-19T14:15:13Z
pZNDUy3DuC4,Jio Mart can KILL Dmart? : The most EPIC Retail War of India (Business Case study),2021-11-16T14:00:12Z
tDfWwZlJE7Y,Apple is trying to KILL Facebook? : Trillion Dollar Tech war (Business case study),2021-11-12T14:00:11Z
SGIKsejp7-0,How to KILL a MONOPOLY? : The fall of Gillette (Business STRATEGY Case Study),2021-11-09T14:00:13Z
K7uvd1Muc80,This BUSINESS STRATEGY turned Wow Momo into a 1000Cr company? : Business strategy case study,2021-11-05T15:30:10Z
TCboTQr8Ecg,How did Nykaa BEAT Amazon & Flipkart in e-Commerce War?  : Business case study,2021-11-02T14:00:13Z
er752AxyziE,How TATA STEEL became the GREATEST Company in INDIAN History? | Business Case Study  Ep2 Tata Series,2021-10-29T15:30:11Z
glHQPkrcf8A,IKEA :How to grow sales by 200% using Pricing STRATEGIES?: Business Case Study,2021-10-26T15:30:12Z
6DEOW9ZQ2BI,NIKE's Unusual Business Strategy to to Market itself & make Billions? (Business STRATEGY Case Study),2021-10-19T15:30:11Z
DzZCVqrtXYw,How ITC's Business STRATEGY revolutionised Indian Agriculture? : Business case study,2021-10-15T15:30:12Z
3KkHTHZckEY,Why is Mukesh Ambani's Reliance Partnering with 7-Eleven Store chain? : Business strategy case study,2021-10-12T15:30:12Z
Z7P-t_yc8gE,"The Origin story of Haldiram : an 80,000cr  business empire? : Business case study",2021-10-09T12:30:13Z
I9p5K2Ke2MA,How Microsoft KILLS its Competition Silently?: Business Strategy Case Study,2021-10-05T15:30:12Z
B5txS_lC1yY,How Dmart's BUSINESS STRATEGY made Radhakishan Damani the Retail King of India?: Business Case study,2021-10-01T15:30:14Z
OEB_UviHDq0,Jamshedji  TATA : STRATEGY of the GREATEST BUSINESS TYCOON of India,2021-09-28T15:30:13Z
8mef_bxijJk,Henry Ford's Business STRATEGY made FORD a billion dollar company : Business Case study,2021-09-21T15:30:13Z
0wVAPXswE6E,How did Toyota beat FORD & GM using its GENIUS Supply Chain Model?,2021-09-17T15:30:01Z
-IjjEp8V7dI,Google's $1 TRILLION Business STRATEGY that made it Successful: Business Case Study,2021-09-14T15:30:14Z
6Yh1f2nat9o,Burger King's Secret STRATEGY to compete with McDonald's: Burger Wars Ep 1,2021-09-10T15:30:12Z
-d7f71CFACo,How Reliance is planning to KILL Amazon in INDIA? : The BIGGEST BUSINESS WAR IN INDIAN HISTORY,2021-09-07T15:30:13Z
PMj4uZvpSvE,How this BUSINESS STRATEGY made Azim Premji a BILLIONAIRE? : Wipro Case Study,2021-09-04T14:30:12Z
ebxaYgw8Nfw,How to run an Airline business profitably for 47 years & counting: Southwest Airlines CaseStudy,2021-08-31T15:30:13Z
ON-vFJbq1Vc,Decoding ZARA's Billion Dollar Business STRATEGY : Fashion Business Case Study,2021-08-27T15:30:23Z
l2BR48V5UFg,How Flipkart is beating Amazon using its Business STRATEGY ? : Indian Retail Wars Episode 1,2021-08-24T15:30:12Z
RoD3kThcl6U,Decoding BIG Bull's Business STRATEGY to enter Indian Aviation Market : Akasa Airlines Case study,2021-08-20T16:00:10Z
yhpVAki47RI,How Airtel is Beating Jio? : Business Strategy case study,2021-08-13T15:30:10Z
ERN8MZl-2pw,Complete Business Analysis of Electric Mobility Sector using the 3 Lenses of Innovation,2021-08-10T15:30:10Z
nnwqtZiYMxQ,"How Amul beat its competition & made 39,200 Cr during Lockdown? : Business case study",2021-08-03T15:30:12Z
BxDmbGFABJw,What made Walmart the most powerful business Empire worth $559 Billion ? : Business case study,2021-07-30T15:30:10Z
YvA5RFhmLNA,How Airbnb used Recession to become a 131 Billion Dollar Company?,2021-07-27T15:30:12Z
NM-WadrQqWE,How to end poverty in India : Cardano Case study from Ethiopia,2021-07-23T15:30:11Z
HFzSK32G4OU,Business War: Spotify vs Apple Music vs YouTube Music,2021-07-20T15:30:14Z
5JKTbU6RnA0,How India can Become Rich by Adopting the Ireland Education Model?,2021-07-16T15:30:12Z
-_jOwk6GsXo,How to pick the next Stock Market GOLDMINE? (includes Green Energy Case Study),2021-07-13T16:00:12Z
fTuVWwTQegQ,How could Zomato become Profitable? : Understanding the future of Foodtech in India,2021-07-09T15:30:11Z
lSF--3zgjKQ,How to use FEAR to boost your sales? (Ethically),2021-07-06T15:30:09Z
KNblG_-QOL0,What India can Learn from Singapore? (Part 2),2021-07-02T15:30:14Z
XZxQtzUi6d8,The Story Rebuilding of Singapore: Part 1,2021-06-29T15:30:14Z
aEDjZvB3UZM,How India can change forever using Ethereum (Smart contracts)?,2021-06-25T15:30:11Z
p2RCPyv95SE,How did Facebook become a $850 billion company?,2021-06-22T15:30:12Z
hHGlDhJkDKI,Walmart vs Small Local Vendors: American Express Casestudy,2021-06-15T15:30:13Z
YCngR6uSEVo,How to build Brand loyalty like Volvo?,2021-06-11T15:30:13Z
bUFVJKwZYP4,Will Netflix survive the competition? Business Case Study,2021-06-08T15:30:11Z
fxjFr54LLOw,How did Domino's Pizza become so successful? Business Case Study,2021-06-04T15:30:12Z
wAHSJgIx5wA,How did Johnnie Walker keep walking for more than 200 years? : Marketing Case Study,2021-06-01T15:30:10Z
Lb55kGWCZy0,How to Pitch your IDEA using a Powerful Sales Technique?,2021-05-28T15:45:10Z
jp_CSPtSQWY,How did India's MTR Foods overcome all the economic downturns in the past 97 years &make 1000Crores?,2021-05-25T15:30:54Z
ztr7weugMR8,Japan's Innovative Marketing Campaign is saving it from an economic crisis?,2021-05-21T15:30:16Z
EdpoEmifW7M,How 7 Mumbai-based women Entrepreneurs made a 1600 Cr empire from 80Rs | Lijjat Papad Case Study,2021-05-18T15:30:15Z
X2f9IiflXaQ,"Content Marketing Lessons from Red Bull, FORD and Garyvee's book Crush it!",2021-05-14T15:30:17Z
A1k62pSQ7so,This simple idea changed FMCG Market forever | CHIK Shampoo Case Study,2021-05-11T15:30:16Z
GTv4ixuAU3k,How to Learn to Speak in English Fluently for FREE in the most practical way possible? Think School,2021-05-04T15:30:16Z
fnO6UfeplxE,"How to Handle Criticism, Hate and Disrespect?",2021-04-30T15:30:17Z
YRYLPeWCOP0,Gillette's Billion Dollar Business Strategy that kept it relevant for 120 years,2021-04-27T15:30:08Z
h9dlG5WfDfI,Why should I hire you? Complete framework to answer this question,2021-04-23T15:30:09Z
xOeGbJ2bYL0,How is Zoho's Sridhar Vembu transforming Indian village economy by providing education & jobs?,2021-04-20T15:30:16Z
N1Ak5RSAFww,How to Introduce yourself in an Interview without being nervous? (Most effective technique),2021-04-16T15:30:17Z
EUcVBDtJo5M,CRED's Genius Business Model EXPLAINED,2021-04-13T15:30:02Z
TqZRgHOlKmU,STOP making these 3 Interview Mistakes! (90% Candidates get rejected because of this),2021-04-09T15:31:08Z
n1wsInQGX4c,Skyrocket your productivity using this simple Step-by-step guide to focus!,2021-04-02T15:38:50Z
6-tS7-IhCbI,The Genius Marketing Strategy of Marlboro Cigarettes | Business Marketing Case study,2021-03-30T15:31:04Z
k--beE42aDs,How to Read effectively like a CEO? (NOT Speed Reading),2021-03-26T16:12:50Z
LNmhEp0kj5Q,IKEA Business Case Study: How to Earn 40 Billion$ Every Year by Selling Furniture? (IKEA Effect),2021-03-24T16:21:27Z
t8v1aWCZYTE,How to earn money as a Freelancer in 2021 : A step-by-step Guide,2021-03-19T14:30:17Z
vguLPoLiFNg,Zerodha Case Study: Bootstrapped to Billion dollar valuation startup without advertisements!,2021-03-13T11:47:00Z
pK887oMqxRY,How to get a game-changing startup idea? | The Art of Innovation,2021-01-18T03:30:02Z
IxIi1xTx8zc,Zuckerberg is watching? How to safeguard your data from Facebook?,2021-01-13T04:00:25Z
5vMbXNjgSjw,3 Self Help Books that changed my Life | My Book Recommendations,2021-01-10T03:00:04Z
o-gGiyY9s9w,How does Facebook kill its competition? Explained with examples,2021-01-09T04:30:04Z
Qob_63A3Wzw,How to set Goals and work consistently towards it?,2021-01-03T07:11:02Z
8rulgRgwHYc,How is India's STRATEGY attracting Industries from China : Production incentive program explained,2020-12-25T15:11:18Z
J3oIuKfx4SE,How much motivation is good for you? (How not to overdo it and get shit done),2020-12-15T12:30:15Z
JqSeQ3c4_qI,The story of the Spice King of India from a Tonga driver to a Millionaire,2020-12-05T13:49:37Z
ODBJz87boBQ,Dhirubhai Ambani vs Bear Cartel | Stock Market Concepts EXPLAINED,2020-11-18T13:15:26Z
wzsYAuxhxSw,The smoothest Sales Pitch you will ever come accross: Amway Case Study,2020-11-05T16:35:56Z
rN0HrbDDmZ8,What Steve Jobs learnt from Nike's marketing campaign that beat it's rival Adidas,2020-10-24T15:43:51Z
UL9dWIy2WZs,How Coca-Cola sold sugared water for over 100 years? | Marketing Casestudy,2020-10-11T14:07:49Z
76w6GQ1vs1Y,What are the FARM BILLS & Why are farmers protesting? (History & Concepts Explained),2020-10-04T09:49:52Z
WCJQ2PhzEOM,This is how Jeff Bezos' Amazon beat their competition legitimately,2020-09-30T07:48:08Z
3t6Ikn6mkH0,The Secret Business lessons from Amazon's Jeff Bezos,2020-09-23T07:54:09Z
6GWm2OyekXY,Don't Hustle!  DO THIS instead!,2020-09-16T14:10:51Z
ULhoofZmZmg,How China's most successful businessman Jack Ma's Alibaba beat the US giant eBay?,2020-09-05T03:45:12Z
nvN3cpi2Dgg,How to never get distracted?,2020-08-24T05:55:37Z
odPwOQI_O0Q,Train your mind to never get nervous in any situation  (Practical Steps),2020-08-16T13:34:50Z
AxR6o03eKV0,Think School Live Stream,2020-08-16T11:32:59Z
cWsxSP3KGvs,Can India's National Education Policy (NEP 2020) transform the Indian Education System? (EXPLAINED),2020-08-06T04:33:50Z
3tVoKZ5pHMU,Indian Education System EXPOSED & How can we fix it? (Rant by an Engineering College Student),2020-07-28T18:04:56Z
